Address,Possesion,Furnishing,Buildup_area,Carpet_area,Bathrooms,Parking,Price,Brokerage,Floor,Per_sqft_price,BHK,Total_bedrooms,Price_Category
98,0,1,908.0,1044.322796,1.0,1,37500000,37500000.0,10.0,41300.0,2.0,2.0,High
603,0,1,1250.0,1000.0,2.0,1,34500000,350000.0,21.0,27600.0,3.0,3.0,High
766,0,2,1070.0,970.0,2.0,1,33000000,330000.0,20.0,30840.0,3.0,3.0,High
1034,0,1,1306.0,1088.0,3.0,1,33000000,329999.9907,37.0,25270.0,3.0,3.0,High
907,0,1,924.0,797.8805344,1.0,1,23000000,23000000.0,14.0,24890.0,2.0,2.0,High
10,0,2,1650.0,1076.0,3.0,2,32500000,0.0,37.0,19700.0,3.0,3.0,High
442,0,1,1020.0,664.1027015,1.0,1,27500000,27500000.0,39.0,26960.0,2.0,2.0,High
375,0,2,1500.0,999.9124514,1.0,2,31000000,310000.0,19.0,20670.0,3.0,2.0,High
1148,0,2,1100.0,965.7985912,1.0,1,30000000,30000000.0,20.0,27270.0,3.0,3.0,High
922,0,1,1440.0,1051.463626,3.0,1,20000000,200547.1214,19.0,13890.0,3.0,2.0,High
995,0,1,525.0,704.0105017,1.0,1,21100000,21100000.0,5.0,40190.0,1.0,1.0,High
388,0,2,600.0,600.0,2.0,1,22500000,230000.0,13.0,37500.0,2.0,2.0,High
410,0,1,950.0,750.0,1.0,1,26500000,260000.0,28.0,27890.0,2.0,2.0,High
824,0,1,950.0,809.0,2.0,1,21600000,220000.0,50.0,22740.0,2.0,2.0,High
584,0,2,1025.0,684.0,2.0,1,20000000,200000.0,10.0,19510.0,2.0,2.0,High
1011,0,0,1275.0,1015.0,2.0,3,25000000,250000.0,30.0,19610.0,3.0,3.0,High
145,0,2,1090.0,942.7909317,1.0,1,36800000,36800000.0,7.0,33760.0,3.0,3.0,High
662,0,1,856.0,893.7260653,1.0,1,31000000,31000000.0,26.0,36210.0,2.0,2.0,High
674,0,1,1290.0,850.0,2.0,1,24000000,0.0,45.0,18600.0,2.0,2.0,High
51,0,1,1350.0,1150.0,3.0,1,31000000,310000.0,23.0,22960.0,3.0,3.0,High
936,0,2,1350.0,888.0,2.0,2,26200000,260000.0,22.0,19410.0,2.0,2.0,High
370,0,0,850.0,700.0,2.0,3,25000000,3160634.217,12.0,29410.0,2.0,2.0,High
240,0,1,1250.0,840.0,2.0,3,29000000,289947.687,28.0,23200.0,2.0,2.0,High
726,0,2,844.0,768.0,2.0,1,23000000,230000.0,40.0,27250.0,2.0,2.0,High
848,0,2,1083.0,1014.152892,1.0,2,32700000,330000.0,38.0,30190.0,3.0,2.0,High
195,0,1,1654.0,1100.0,2.0,2,37500000,17176895.08,36.0,22670.0,3.0,3.0,High
1024,0,2,400.0,385.0,1.0,2,20000000,200000.0,23.0,50000.0,1.0,1.0,High
450,0,1,1200.0,780.0,2.0,1,22500000,22470559.94,7.0,18750.0,3.0,3.0,High
756,0,2,800.0,675.0,2.0,1,22900000,230000.0,44.0,28630.0,1.0,1.0,High
768,0,1,1015.0,760.0,2.0,1,21000000,210000.0,22.0,20690.0,2.0,2.0,High
237,0,2,1250.0,1164.0,3.0,4,29500000,298958.091,18.0,23600.0,3.0,3.0,High
392,0,1,840.0,680.1341983,1.0,1,20000000,20000000.0,7.0,23810.0,2.0,2.0,High
630,0,2,1300.0,1000.0,3.0,2,24000000,240000.0,30.0,18460.0,3.0,3.0,High
828,0,1,955.0,695.0,3.0,2,28600000,300000.0,48.0,29940.0,3.0,3.0,High
641,0,1,1250.0,1050.0,3.0,2,37000000,370000.0,20.0,29600.0,3.0,3.0,High
197,0,2,994.0,894.0,3.0,1,25600000,0.0,11.0,25750.0,3.0,3.0,High
974,0,0,850.0,680.0,2.0,1,21500000,20803582.78,15.0,25290.0,2.0,2.0,High
376,0,2,850.0,750.0,2.0,1,24800000,250000.0,20.0,29180.0,2.0,2.0,High
946,0,2,1061.0,965.0,2.0,2,32000000,320000.0,38.0,30160.0,3.0,3.0,High
780,0,1,900.0,704.6066626,1.0,0,20000000,20000000.0,14.0,22220.0,2.0,2.0,High
578,0,0,827.0,752.0,2.0,1,25000000,24064942.53,12.0,30230.0,3.0,3.0,High
299,0,1,1250.0,777.0,2.0,2,33500000,340000.0,23.0,26800.0,2.0,2.0,High
79,0,2,1250.0,833.0,3.0,2,29000000,290000.0,20.0,23200.0,3.0,3.0,High
305,0,1,1070.0,700.0,2.0,1,25000000,250000.0,7.0,23360.0,2.0,2.0,High
303,0,1,1050.0,850.0,2.0,2,35000000,350000.0,21.0,33330.0,2.0,2.0,High
735,0,2,800.0,700.0,2.0,1,22500000,230000.0,13.0,28130.0,2.0,2.0,High
148,0,2,1700.0,1201.0,3.0,1,33000000,0.0,18.0,19410.0,3.0,3.0,High
722,0,2,1350.0,1200.0,3.0,1,24500000,250000.0,15.0,18150.0,3.0,3.0,High
768,0,1,1545.0,1000.0,3.0,3,32500000,330000.0,21.0,21040.0,3.0,3.0,High
460,0,1,1481.0,1022.0,4.0,2,32900000,330000.0,21.0,22210.0,3.0,3.0,High
941,0,2,1200.0,807.0,2.0,1,27000000,270000.0,58.0,22500.0,2.0,2.0,High
650,0,1,1049.0,749.0,3.0,2,29600000,300000.0,45.0,28220.0,3.0,3.0,High
765,0,1,1162.0,914.0,3.0,2,38500000,390000.0,22.0,33130.0,3.0,3.0,High
681,0,1,1200.0,1000.0,2.0,1,23600000,240000.0,14.0,19630.0,3.0,3.0,High
573,0,2,1255.0,912.9697494,1.0,1,35000000,350000.0,7.0,27890.0,3.0,2.0,High
325,0,2,950.0,948.0,2.0,1,28000000,280000.0,15.0,29470.0,3.0,3.0,High
1139,0,1,1650.0,1083.07324,1.0,2,32000000,32000000.0,10.0,19390.0,4.0,4.0,High
650,0,1,912.0,612.0,3.0,2,24500000,250000.0,45.0,26860.0,3.0,3.0,High
392,0,0,1600.0,929.8254213,3.0,1,27000000,27000000.0,9.0,16880.0,3.0,3.0,High
103,0,1,910.0,755.0,2.0,1,24500000,249999.9993,7.0,26920.0,2.0,2.0,High
293,0,1,1050.0,771.0,2.0,2,39000000,390000.0,24.0,37140.0,2.0,2.0,High
984,0,2,800.0,700.0,2.0,1,24000000,2869345.236,50.0,30000.0,2.0,2.0,High
566,0,1,730.0,670.6812437,1.0,1,27500000,27500000.0,10.0,37670.0,2.0,2.0,High
1126,0,0,1665.0,956.0146253,1.0,2,33600000,33600000.0,43.0,20190.0,3.0,2.0,High
237,0,2,1333.0,945.0,3.0,1,22000000,220000.0,14.0,16500.0,3.0,3.0,High
405,0,1,1250.0,1034.0,3.0,1,34900000,350000.0,20.0,27910.0,3.0,3.0,High
387,0,1,900.0,760.0,2.0,2,32500000,330000.0,19.0,36110.0,3.0,3.0,High
488,0,1,1000.0,904.9756604,1.0,1,38000000,38000000.0,40.0,38000.0,2.0,2.0,High
8,0,1,1000.0,853.9551212,1.0,1,24000000,24000000.0,7.0,24000.0,2.0,2.0,High
855,0,2,960.0,631.0,2.0,1,22000000,17806933.18,37.0,22920.0,2.0,2.0,High
667,0,2,850.0,557.0,2.0,2,37000000,370000.0,20.0,43530.0,2.0,2.0,High
382,0,2,972.0,756.0,2.0,1,22300000,220000.0,22.0,22940.0,2.0,2.0,High
343,0,0,800.0,700.0,2.0,2,24000000,480000.0,41.0,30000.0,2.0,2.0,High
632,0,0,912.0,846.4600806,1.0,1,29000000,29000000.0,7.0,31800.0,2.0,2.0,High
767,0,1,1700.0,1360.0,3.0,1,36000000,360000.0,17.0,21180.0,3.0,3.0,High
598,0,0,1200.0,941.0,3.0,1,34000000,340000.0,15.0,28330.0,3.0,3.0,High
863,0,1,1150.0,893.7377333,1.0,1,24000000,24000000.0,15.0,20870.0,2.0,2.0,High
1125,0,1,1100.0,975.0,3.0,2,28000000,280000.0,43.0,25450.0,3.0,3.0,High
236,0,2,1459.0,1165.0,3.0,2,29800000,230000.0,15.0,20420.0,3.0,3.0,High
102,0,0,1325.0,1250.0,2.0,1,25000000,250000.0,15.0,18870.0,2.0,2.0,High
342,0,1,1200.0,830.0,2.0,1,27500000,280000.0,39.0,22920.0,2.0,2.0,High
604,0,1,1502.0,1050.0,2.0,3,32800000,330000.0,22.0,21840.0,3.0,3.0,High
223,0,1,1050.0,950.0,2.0,1,27000000,27000001.76,8.0,25710.0,2.0,2.0,High
829,0,1,1550.0,1100.0,3.0,1,35000000,350000.0,36.0,22580.0,3.0,3.0,High
750,0,2,1150.0,868.0,2.0,1,32500000,330000.0,38.0,28260.0,2.0,2.0,High
315,0,1,900.0,893.0011514,1.0,1,31000000,31000000.0,22.0,34440.0,2.0,2.0,High
405,0,1,1300.0,1047.0,3.0,2,39000000,390000.0,20.0,30000.0,3.0,3.0,High
839,0,2,950.0,816.0,2.0,2,21000000,210000.0,15.0,22110.0,2.0,2.0,High
566,0,1,580.0,503.5624076,2.0,1,25000000,25000000.0,23.0,43100.0,1.0,1.0,High
858,0,2,1200.0,1001.281246,1.0,1,31500000,31500000.0,10.0,26250.0,3.0,3.0,High
599,0,2,1169.0,1169.0,3.0,2,37100000,0.0,25.0,31740.0,3.0,3.0,High
1092,0,0,1300.0,976.0,2.0,1,24900000,250000.0,14.0,19150.0,3.0,3.0,High
306,0,1,1050.0,700.0,2.0,1,26500000,260000.0,7.0,25240.0,2.0,2.0,High
266,0,1,1020.0,860.0,2.0,1,22400000,220000.0,8.0,21960.0,3.0,3.0,High
933,0,2,850.0,763.0,2.0,1,22500000,230000.0,45.0,26470.0,2.0,2.0,High
1101,0,0,928.0,850.0,3.0,1,30000000,300000.0,8.0,32330.0,3.0,3.0,High
295,0,1,850.0,770.0,2.0,1,35200000,350000.0,34.0,41410.0,2.0,2.0,High
516,0,1,1680.0,1200.0,3.0,1,35000000,350000.0,21.0,20830.0,3.0,3.0,High
564,0,1,1600.0,1100.0,3.0,2,37000000,370000.0,28.0,23130.0,3.0,3.0,High
936,0,2,1300.0,888.0,2.0,3,26000000,260000.0,22.0,20000.0,2.0,2.0,High
1088,0,2,1550.0,1044.0,3.0,1,39000000,390000.0,28.0,25160.0,3.0,3.0,High
157,0,2,900.0,900.0,3.0,1,27500000,280000.0,11.0,30550.0,3.0,3.0,High
392,0,1,670.0,702.8121881,1.0,1,21100000,21100000.0,10.0,31490.0,2.0,2.0,High
950,0,2,1300.0,800.0,2.0,1,24000000,240000.0,12.0,18460.0,2.0,2.0,High
936,0,1,1050.0,888.0,2.0,1,25500000,250000.0,20.0,24290.0,2.0,2.0,High
207,0,1,1580.0,835.8265548,1.0,3,33300000,361699.9909,22.0,21060.0,4.0,3.0,High
622,0,2,750.0,749.231659,1.0,1,22000000,22000000.0,15.0,29330.0,2.0,2.0,High
113,0,1,1408.0,1100.0,3.0,1,32000000,320000.0,7.0,22730.0,3.0,3.0,High
885,0,1,800.0,650.7232131,1.0,1,21000000,21000000.0,8.0,26250.0,2.0,2.0,High
264,0,2,1300.0,834.0,3.0,2,21500000,210000.0,23.0,16540.0,3.0,3.0,High
998,0,2,900.0,866.0,2.0,1,38000000,24721022.77,22.0,42220.0,2.0,2.0,High
132,0,2,760.0,660.0,2.0,1,23000000,230000.0,7.0,30260.0,2.0,2.0,High
1077,0,2,1350.0,828.4924816,1.0,1,26000000,26000000.0,14.0,19260.0,3.0,3.0,High
673,0,0,1700.0,1400.0,3.0,2,32000000,640000.0,40.0,18820.0,3.0,3.0,High
1123,0,1,890.0,713.0,2.0,0,21000000,210000.0,21.0,23590.0,2.0,2.0,High
356,0,1,750.0,450.0,2.0,1,24800000,250000.0,22.0,33070.0,2.0,2.0,High
295,0,2,1250.0,750.0,2.0,2,33500000,340000.0,34.0,26800.0,2.0,2.0,High
828,0,1,1500.0,983.0,2.0,2,28500000,276338.4871,48.0,19000.0,3.0,3.0,High
937,0,1,1350.0,1060.0,2.0,2,35000000,350000.0,32.0,25930.0,3.0,3.0,High
144,0,2,1430.0,1100.0,3.0,1,37500000,380000.0,14.0,26220.0,3.0,3.0,High
298,0,1,1250.0,777.0,2.0,1,34000000,340000.0,23.0,27200.0,2.0,2.0,High
505,0,2,745.0,625.0,1.0,1,23000000,230000.0,20.0,30870.0,1.0,1.0,High
595,0,2,1237.0,850.0,2.0,1,20000000,200000.0,13.0,16170.0,2.0,2.0,High
232,0,0,1500.0,1105.010372,3.0,3,39500000,39500000.0,15.0,26330.0,3.0,3.0,High
1118,0,0,2500.0,1011.642205,2.0,3,28500000,28500000.0,28.84096131,11400.0,4.0,4.0,High
930,0,2,859.0,859.0,3.0,2,23000000,0.0,17.0,26770.0,3.0,3.0,High
139,0,1,1285.0,860.0,2.0,1,26500000,260000.0,14.0,20620.0,3.0,3.0,High
165,0,0,1250.0,751.2357311,1.0,2,35000000,35000000.0,15.0,28000.0,3.0,3.0,High
579,0,0,800.0,650.7236576,1.0,1,21000000,21000000.0,7.0,26250.0,2.0,2.0,High
98,0,1,500.0,686.0360563,1.0,1,21500000,21500000.0,5.0,43000.0,1.0,1.0,High
854,0,2,1350.0,1050.0,3.0,2,39500000,400000.0,63.0,29260.0,3.0,3.0,High
840,0,2,720.0,610.0,2.0,0,27500000,280000.0,20.0,38190.0,2.0,2.0,High
299,0,1,950.0,777.0,2.0,1,35100000,350000.0,20.0,36950.0,2.0,2.0,High
686,0,1,950.0,845.7593414,1.0,1,24000000,24000000.0,13.0,25260.0,2.0,2.0,High
284,0,2,740.0,640.0,2.0,1,21600000,220000.0,20.0,29190.0,2.0,2.0,High
705,0,0,827.0,704.2245879,1.0,1,24000000,24000000.0,10.0,29020.0,3.0,2.0,High
490,0,0,2500.0,1753.0,3.0,2,20000000,19889588.53,31.0,8000.0,3.0,3.0,High
438,0,1,1250.0,750.0,2.0,1,28500000,290000.0,22.0,22800.0,2.0,2.0,High
237,0,1,1550.0,1165.0,3.0,2,29800000,290000.0,15.0,19230.0,3.0,3.0,High
541,0,2,970.0,746.0,2.0,1,28000000,0.0,14.0,28860.0,2.0,2.0,High
612,0,1,1440.0,850.0,2.0,1,30500000,300000.0,14.0,21180.0,2.0,2.0,High
407,0,2,1200.0,900.0,2.0,2,28000000,280000.0,17.0,23330.0,3.0,3.0,High
296,0,1,890.0,629.0,2.0,1,26800000,270000.0,22.0,30110.0,2.0,2.0,High
689,0,2,1450.0,1160.0,3.0,2,34000000,340000.0,16.0,23450.0,3.0,3.0,High
381,0,2,1050.0,756.0,2.0,1,21500000,210000.0,18.0,20480.0,2.0,2.0,High
815,0,2,550.0,688.628689,1.0,1,21000000,21000000.0,3.0,38180.0,1.0,1.0,High
213,0,2,1020.0,900.0,3.0,2,31000000,0.0,36.0,30390.0,3.0,3.0,High
1141,0,2,820.0,941.6116913,1.0,1,25500000,25500000.0,22.0,31100.0,2.0,2.0,High
449,0,0,607.0,486.0,2.0,1,26000000,260000.0,7.0,42830.0,2.0,2.0,High
38,0,1,1000.0,892.3182761,3.0,1,29500000,29500000.0,12.0,29500.0,2.0,2.0,High
828,0,1,1550.0,1129.0,2.0,2,31500000,270000.0,48.0,20320.0,3.0,3.0,High
698,0,1,1020.0,820.0,2.0,1,27500000,0.0,39.0,26960.0,2.0,2.0,High
1103,0,2,866.0,766.0,2.0,1,23000000,230000.0,21.0,26560.0,3.0,3.0,High
74,0,1,1500.0,1183.960738,1.0,2,39900000,39900000.0,45.0,26600.0,3.0,3.0,High
629,0,2,987.0,887.0,2.0,1,26500000,260000.0,20.0,26850.0,3.0,3.0,High
717,0,2,1020.0,894.0,2.0,2,21500000,0.0,16.0,21080.0,3.0,3.0,High
1127,0,2,1300.0,760.0,2.0,1,37500000,370000.0,38.0,28850.0,2.0,2.0,High
917,0,2,900.0,751.0008543,1.0,1,23500000,23500000.0,7.0,26110.0,2.0,2.0,High
433,0,1,1402.0,850.0,2.0,1,32500000,330000.0,22.0,23180.0,2.0,2.0,High
989,0,1,750.0,600.0,2.0,1,20000000,0.0,7.0,26670.0,2.0,2.0,High
944,0,1,1550.0,1050.0,3.0,1,35200000,350000.0,21.0,22710.0,3.0,3.0,High
824,0,2,1200.0,810.0,2.0,1,21000000,210000.0,50.0,17500.0,2.0,2.0,High
1015,0,2,898.0,798.0,2.0,1,20000000,0.0,19.0,22270.0,2.0,2.0,High
440,0,2,1250.0,900.0,2.0,1,34000000,310000.0,49.0,27200.0,2.0,2.0,High
264,0,1,960.0,838.0,3.0,1,21200000,210000.0,23.0,22080.0,3.0,3.0,High
152,0,1,700.0,667.0,2.0,1,23000000,230000.0,22.0,32860.0,2.0,2.0,High
1150,0,2,1200.0,800.0081038,1.775959258,1,25000000,25000000.0,7.0,20830.0,3.0,2.00053153,High
760,0,0,1980.0,1348.0,4.0,2,37500000,350000.0,20.0,18940.0,3.0,3.0,High
409,0,0,1200.0,870.0,3.0,2,36000000,360000.0,24.0,30000.0,3.0,3.0,High
502,0,2,1371.0,1050.0,3.0,1,24000000,0.0,16.0,17500.0,3.0,3.0,High
843,0,2,1225.0,867.0,3.0,2,37000000,370000.0,36.0,30200.0,3.0,3.0,High
324,0,2,976.0,1026.739465,1.0,1,32200000,32200000.0,37.0,32990.0,3.0,3.0,High
101,0,1,900.0,776.9450699,1.0,2,27000000,27000000.0,23.0,30000.0,2.0,2.0,High
164,0,0,550.0,477.3432284,1.0,0,22500000,22500000.0,21.0,40910.0,1.0,2.0,High
1040,0,2,1365.0,1140.902791,2.0,1,33000000,330000.0,22.0,24180.0,3.0,3.0,High
947,0,2,1240.0,953.0,3.0,1,31000000,330000.0,25.0,25000.0,3.0,3.0,High
742,0,1,1500.0,929.7820121,1.0,1,27000000,27000000.0,15.0,18000.0,3.0,3.0,High
249,0,1,1128.0,820.287706,1.0,2,26100000,166630.1985,14.0,23160.0,3.0,3.0,High
396,0,1,1375.0,1050.0,3.0,3,26500000,260000.0,36.0,19270.0,3.0,3.0,High
397,0,1,1200.0,955.0,3.0,2,26900000,270000.0,36.0,22420.0,3.0,3.0,High
1082,0,2,1280.0,861.703625,1.0,1,23800000,23800000.0,10.0,18590.0,3.0,3.0,High
1067,0,1,1125.0,975.0,3.0,1,27000000,10806710.73,8.0,24000.0,3.0,3.0,High
206,0,2,1740.0,1200.0,2.0,1,39000000,390000.0,22.0,22410.0,3.0,3.0,High
380,0,2,1550.0,1150.0,3.0,1,38000000,0.0,20.0,24520.0,3.0,3.0,High
145,0,2,950.0,905.0076314,1.0,1,32000000,32000000.0,9.0,33680.0,2.0,2.0,High
648,0,1,1150.0,1049.0,2.0,2,30000000,300000.0,60.0,26090.0,3.0,3.0,High
168,0,2,1050.0,890.0,3.0,2,27500000,280000.0,33.0,26190.0,3.0,3.0,High
426,0,1,1130.0,775.0,1.0,2,23500000,240000.0,10.0,20800.0,2.0,2.0,High
1132,0,1,1395.0,1050.0,3.0,1,38000000,380000.0,21.0,27240.0,3.0,3.0,High
245,0,1,810.0,810.0,2.0,2,35000000,350000.0,20.0,43210.0,2.0,2.0,High
999,0,2,1050.0,850.0,2.0,0,22000000,21976655.8,24.0,20950.0,2.0,2.0,High
43,0,2,800.0,700.0,2.0,1,34000000,340000.0,34.0,42500.0,2.0,2.0,High
824,0,2,1150.0,797.0,2.0,1,21000000,210000.0,50.0,18260.0,2.0,2.0,High
1099,0,2,1625.0,1250.0,4.0,1,35800000,350000.0,35.0,22030.0,4.0,4.0,High
824,0,2,1050.0,730.0,2.0,1,20000000,220000.0,50.0,19050.0,2.0,2.0,High
705,0,0,827.0,736.0152274,1.0,1,24100000,24100000.0,10.0,29080.0,3.0,2.0,High
1030,0,1,1400.0,1149.58012,1.0,1,35000000,35000000.0,7.0,25000.0,3.0,3.0,High
811,0,2,854.0,712.0,3.0,1,22500000,230000.0,22.0,26350.0,3.0,3.0,High
482,0,1,1337.0,955.0,2.0,2,31500000,310000.0,40.0,23560.0,2.0,2.0,High
808,0,2,1700.0,981.0,3.0,1,34800000,350000.0,35.0,20470.0,3.0,3.0,High
196,0,1,850.0,743.0,2.0,1,26200000,0.0,44.0,30820.0,2.0,2.0,High
463,0,1,790.0,659.0,2.0,1,26500000,260000.0,23.0,33540.0,2.0,2.0,High
675,0,1,1143.0,890.0,2.0,2,24800000,0.0,55.0,21700.0,2.0,2.0,High
192,0,2,700.0,598.0,2.0,2,20000000,200000.0,10.0,28570.0,2.0,2.0,High
572,0,2,1250.0,1150.0,2.0,2,38500000,390000.0,14.0,30800.0,3.0,3.0,High
27,0,2,812.0,712.0,2.0,1,20000000,200000.0,16.0,24630.0,3.0,3.0,High
32,0,1,1812.0,1309.219574,1.0,2,35800000,35800000.0,50.0,19760.0,3.0,3.0,High
707,0,2,1190.0,804.3987431,2.0,1,25000000,25000000.0,14.0,21010.0,2.0,2.0,High
423,0,0,725.0,599.6739175,3.0,1,25000000,25000000.0,7.0,34480.0,2.0,2.0,High
48,0,2,850.0,765.0,2.0,1,20900000,210000.0,16.0,24590.0,2.0,2.0,High
86,0,1,1560.0,975.0,3.0,2,25200000,0.0,40.0,16150.0,3.0,3.0,High
1157,0,2,500.0,484.4974122,1.0,1,22500000,22500000.0,43.0,45000.0,1.0,1.0,High
323,0,2,1250.0,800.0026514,1.0,1,31000000,31000000.0,22.0,24800.0,2.0,2.0,High
1035,0,1,1200.0,950.0,3.0,1,27000000,270000.0,27.0,22500.0,3.0,3.0,High
786,0,1,1125.0,850.0,2.0,1,36500000,360000.0,11.0,32440.0,2.0,2.0,High
833,0,1,1382.0,1096.0,3.0,3,31500000,310000.0,36.0,22790.0,3.0,3.0,High
909,0,1,2200.0,1200.0,4.0,1,35500000,350000.0,26.0,16140.0,3.0,3.0,High
1109,0,1,1150.0,950.0,3.0,2,34000000,340000.0061,6.0,29570.0,3.0,3.0,High
501,0,0,1370.0,1100.0,3.0,1,24000000,0.0,16.46274091,17520.0,3.0,3.0,High
153,0,1,1000.0,680.0,2.0,2,20000000,200000.0,20.0,20000.0,2.0,2.0,High
830,0,2,1480.0,1180.0,3.0,2,24900000,0.0,40.0,16820.0,3.0,3.0,High
461,0,1,1350.0,1129.0,2.0,2,32000000,320000.0,21.0,23700.0,3.0,3.0,High
1103,0,2,866.0,766.0,2.0,1,23000000,230000.0,21.0,26560.0,3.0,3.0,High
625,0,1,1052.0,915.0,2.0,1,22500000,210000.0,26.0,21390.0,3.0,3.0,High
758,0,1,1322.0,978.0,2.0,1,26500000,2599057.621,23.0,20050.0,3.0,3.0,High
1077,0,0,1050.0,914.8711503,1.0,1,35000000,35000000.0,16.0,33330.0,3.0,2.0,High
878,0,0,1150.0,839.5812968,1.0,1,26000000,26000000.0,9.0,22610.0,2.0,2.0,High
650,0,1,1127.0,1127.0,3.0,2,36000000,360000.0,45.0,31940.0,3.0,3.0,High
379,0,1,1250.0,900.0,3.0,1,28000000,280000.0,25.0,22400.0,3.0,3.0,High
834,0,1,850.0,732.0,2.0,1,20500000,200000.0,40.0,24120.0,2.0,2.0,High
753,0,2,1000.0,735.2886424,1.0,1,21000000,21000000.0,7.0,21000.0,2.0,2.0,High
448,0,2,1000.0,850.0,2.0,1,26500000,260000.0,23.0,26500.0,2.0,2.0,High
164,0,1,550.0,682.8537187,1.0,0,20500000,20500000.0,3.0,37270.0,1.0,1.0,High
1124,0,1,1055.0,949.6174203,3.0,2,27000000,27000000.0,43.0,25590.0,2.0,2.0,High
938,0,1,1300.0,888.0,2.0,2,25500000,250000.0,23.0,19610.0,2.0,2.0,High
909,0,1,1080.0,800.0,2.0,1,24000000,240000.0,26.0,22220.0,2.0,2.0,High
133,0,2,850.0,661.1757526,1.0,1,21000000,21000000.0,18.0,24700.0,2.0,2.0,High
648,0,1,1050.0,912.0,2.0,2,28000000,280000.0,60.0,26670.0,3.0,3.0,High
237,0,2,880.0,714.0,2.0,2,21000000,190000.0,16.0,23860.0,2.0,2.0,High
1109,0,1,1200.0,870.0403235,2.0,2,20000000,20000000.0,21.0,16670.0,3.0,3.0,High
638,0,1,1296.0,960.0,3.0,1,27000000,260000.0,30.0,20830.0,3.0,3.0,High
1159,0,2,1300.0,870.161018,1.0,2,37000000,37000000.0,7.0,28460.0,3.0,3.0,High
161,0,0,1060.0,948.8511475,1.0,1,27000000,27000000.0,15.0,25470.0,2.0,2.0,High
185,0,0,750.0,864.3052614,2.0,1,29000000,29000000.0,25.0,38670.0,2.0,2.0,High
84,0,2,680.0,616.0,2.0,1,20000000,200000.0,18.0,29410.0,2.0,2.0,High
101,0,1,900.0,776.9450699,1.0,2,27000000,27000000.0,23.0,30000.0,2.0,2.0,High
218,0,2,1053.0,947.5520786,1.0,1,30000000,30000000.0,16.0,28490.0,3.0,3.0,High
398,0,1,1150.0,930.0,2.0,1,34000000,340000.0,33.0,29570.0,2.0,2.0,High
813,0,1,1050.0,688.0,2.0,1,21500000,250000.0,10.0,20480.0,2.0,2.0,High
156,0,1,1635.0,1050.0,2.0,1,37500000,7402808.761,45.0,22930.0,3.0,3.0,High
1141,0,2,820.0,831.5619462,1.0,1,25800000,25800000.0,22.0,31460.0,2.0,2.0,High
965,0,1,950.0,874.6602883,2.0,2,38000000,38000000.0,8.0,40000.0,2.0,2.0,High
758,0,1,1480.0,1120.0,3.0,2,33500000,0.0,23.0,22640.0,3.0,3.0,High
1025,0,2,1760.0,1100.0,3.0,2,38800000,380000.0,11.0,22050.0,4.0,4.0,High
54,0,2,760.0,664.2150382,1.0,1,23000000,23000000.0,7.0,30260.0,2.0,2.0,High
1117,0,1,600.0,600.0,2.0,1,24000000,240000.0,7.0,40000.0,1.0,1.0,High
833,0,1,1210.0,1100.0,4.0,2,32500000,330000.0,38.0,26860.0,3.0,3.0,High
602,0,2,950.0,675.0,2.0,1,20500000,210000.0,18.0,21580.0,2.0,2.0,High
127,0,1,1370.0,1053.0,3.0,1,29000000,290000.0,18.0,21170.0,3.0,3.0,High
1136,0,2,650.0,678.2142285,1.0,0,21000000,21000000.0,14.0,32310.0,1.0,2.0,High
277,0,2,1184.0,876.0,3.0,1,29500000,299999.9793,15.0,24910.0,3.0,3.0,High
623,0,2,1250.0,921.2005862,1.0,1,28500000,28500000.0,24.0,22800.0,3.0,3.0,High
567,0,1,1000.0,870.0,2.0,1,22000000,220000.0,25.0,22000.0,2.0,2.0,High
22,0,0,1090.0,850.0,3.0,1,23000000,230000.0,7.0,21100.0,3.0,3.0,High
284,0,0,812.0,650.0,2.0,1,21000000,7790620.279,21.0,25860.0,2.0,2.0,High
719,0,2,1300.0,885.0,3.0,1,21200000,160418.7705,17.0,16310.0,3.0,3.0,High
2,0,1,1758.0,1058.0,3.0,2,26500000,0.0,22.0,15070.0,3.0,3.0,High
228,0,0,1100.0,810.0,3.0,1,28000000,280000.0,7.0,25450.0,3.0,3.0,High
436,0,1,840.0,700.0,2.0,1,22000000,220000.0,17.0,26190.0,2.0,2.0,High
738,0,2,883.0,883.0,2.0,1,39500000,0.0,45.0,44730.0,2.0,2.0,High
1065,0,2,955.0,725.0,2.0,1,21000000,200000.0,10.0,21990.0,2.0,2.0,High
732,0,1,1050.0,910.0,2.0,1,32500000,194548.667,15.0,30950.0,2.0,2.0,High
784,0,2,1250.0,845.0,2.0,1,22000000,220000.0,41.0,17600.0,2.0,2.0,High
386,0,2,900.0,725.0,2.0,1,20000000,200000.0,10.0,22220.0,2.0,2.0,High
374,0,0,1100.0,965.7984786,2.0,1,30000000,30000000.0,10.0,27270.0,2.0,2.0,High
513,0,2,1120.0,653.9477254,3.0,1,21000000,210000.0,21.0,18750.0,2.0,2.0,High
351,0,1,465.0,400.0,2.0,0,9000000,100000.0,21.0,19350.0,1.0,1.0,Low
212,0,1,415.0,385.0,1.0,2,3150000,60000.0,13.0,7590.0,1.0,1.0,Low
347,0,2,700.0,330.0,2.0,1,6800000,0.0,15.0,9710.0,1.0,1.0,Low
1047,0,2,610.0,389.0177927,1.0,1,8500000,85856.96988,7.0,13930.0,1.0,1.0,Low
614,0,2,500.0,327.8398488,2.0,1,2210000,41750.68797,7.0,4420.0,1.0,1.0,Low
626,0,2,520.0,493.0,2.0,0,9800000,98011.89154,16.0,18850.0,1.0,1.0,Low
139,0,2,570.0,440.0002879,1.0,1,9500000,95000.00271,7.0,16670.0,1.0,1.0,Low
748,0,1,950.0,720.0,2.0,1,9200000,0.0,14.0,9680.0,2.0,2.0,Low
451,0,2,650.0,463.0,1.0,1,2950000,59000.0,7.0,4540.0,1.0,1.0,Low
700,0,0,972.0,750.0,2.0,1,8000000,160000.0,7.0,8230.0,2.0,2.0,Low
1019,0,1,915.0,674.9743228,3.0,1,8250000,0.0,7.0,9020.0,2.0,2.0,Low
614,0,2,610.0,390.0,1.0,1,3400000,64781.77188,7.0,5570.0,1.0,1.0,Low
702,0,2,860.0,619.9498545,2.0,1,9700000,61193.07284,9.0,11280.0,2.0,2.0,Low
549,0,0,650.0,550.0,2.0,1,8500000,0.0,19.0,13080.0,2.0,2.0,Low
795,0,2,650.0,410.0,2.0,1,8351000,83000.0,17.0,12850.0,1.0,1.0,Low
34,0,2,1265.0,680.0,3.0,0,8500000,79999.0,7.0,6720.0,3.0,3.0,Low
860,0,2,450.0,409.2746256,1.0,1,3400000,68000.00301,10.0,7550.0,1.0,1.0,Low
154,0,2,590.0,440.0,2.0,2,5500000,55386.42034,22.0,9320.0,1.0,1.0,Low
871,0,2,650.0,425.0,2.0,1,6200000,59946.89546,10.0,9540.0,1.0,1.0,Low
360,0,2,865.0,565.0,2.0,1,4600000,12914.6265,22.0,5320.0,2.0,2.0,Low
711,0,1,1100.0,695.0,2.0,2,8500000,0.0,21.0,7730.0,2.0,2.0,Low
28,0,1,650.0,395.0,1.0,1,2900000,35000.0,14.0,4460.0,1.0,1.0,Low
204,0,1,650.0,390.0,2.0,0,3000000,1163.142437,12.0,4620.0,1.0,1.0,Low
1115,0,1,650.0,410.0,2.0,1,3300000,56000.0,14.0,5080.0,1.0,1.0,Low
1038,0,2,550.0,410.0,1.0,1,3600000,72000.0,23.0,6540.0,1.0,1.0,Low
1114,0,1,870.0,531.0,2.0,1,4550000,0.0,15.0,5230.0,2.0,2.0,Low
355,0,2,981.0,650.0,2.0,1,7500000,140000.0,33.0,7640.0,1.0,1.0,Low
794,0,1,730.0,518.0,2.0,0,6250000,0.0,20.0,8560.0,1.0,1.0,Low
1066,0,1,585.0,410.0,2.0,0,9800000,98000.0,8.0,16750.0,1.0,1.0,Low
390,0,1,565.0,319.0,2.0,2,2685000,53000.0,7.0,4750.0,1.0,1.0,Low
617,0,1,695.0,425.0,2.0,1,5750000,0.0,12.0,8270.0,1.0,1.0,Low
1038,0,2,610.0,391.9894863,2.0,1,3200000,62646.16335,22.0,5250.0,1.0,1.0,Low
264,0,2,550.0,452.0,2.0,0,9700000,97000.0,23.0,17640.0,1.0,1.0,Low
336,0,1,1050.0,690.0,2.0,1,9200000,89000.0,7.0,8760.0,2.0,2.0,Low
740,0,1,870.0,570.0,2.0,2,7800000,78000.0,19.0,8960.0,2.0,2.0,Low
1070,0,0,550.0,422.8953889,1.762233076,1,7800000,75519.58299,16.0,14180.0,1.0,2.0,Low
1000,0,2,650.0,450.0,2.0,1,6500000,50914.12556,7.0,10000.0,1.0,1.0,Low
119,0,2,650.0,430.0,2.0,0,8700000,87000.0,11.0,13380.0,1.0,1.0,Low
351,0,1,500.0,371.6183959,2.0,1,7200000,150000.0,25.0,14400.0,1.0,2.0,Low
519,0,2,720.0,464.2016889,3.0,4,3800000,19437.33107,13.026433,5280.0,2.0,2.0,Low
991,0,1,850.0,618.8686554,1.0,1,8600000,76620.9076,7.0,10120.0,2.0,2.0,Low
230,0,1,675.0,415.0,2.0,1,6500000,61000.0,7.0,9630.0,1.0,1.0,Low
1038,0,2,600.0,386.3835088,2.0,1,3250000,65000.0,22.0,5420.0,1.0,2.0,Low
270,0,0,620.0,470.0,2.0,1,9800000,98000.0,7.0,15810.0,1.0,1.0,Low
61,0,2,850.0,670.0,2.0,1,9500000,96148.91218,12.0,11180.0,2.0,2.0,Low
1060,0,2,530.0,420.0,1.0,1,9500000,95000.0,22.0,17920.0,1.0,1.0,Low
1020,0,1,700.0,421.0,2.0,2,5800000,6926.826101,7.0,8290.0,1.0,1.0,Low
431,0,1,610.0,455.0,1.0,1,3100000,54367.05261,4.0,5080.0,1.0,1.0,Low
1050,0,1,1080.0,622.0,1.0,2,6000000,0.0,7.0,5550.0,2.0,2.0,Low
28,0,0,830.0,570.0,2.0,1,5500000,0.0,15.0,6630.0,2.0,2.0,Low
740,0,1,700.0,525.0,2.0,2,7900000,79000.0,32.0,11290.0,2.0,2.0,Low
691,0,1,640.0,404.9679801,2.0,1,7400000,109035.9026,17.0,11560.0,1.0,2.0,Low
776,0,1,725.0,441.0,2.0,1,8819000,0.0,22.0,12160.0,1.0,1.0,Low
1009,0,1,410.0,377.0,2.0,1,8000000,65283.60251,22.0,19510.0,1.0,1.0,Low
724,0,2,725.0,450.0,2.0,1,7700000,100000.0,15.0,10620.0,1.0,1.0,Low
414,0,2,550.0,360.8730108,1.0,0,8700000,96097.89352,7.0,15820.0,1.0,2.0,Low
1003,0,1,650.0,451.0,2.0,1,6488000,0.0,12.0,9980.0,1.0,1.0,Low
887,0,2,700.0,560.0,2.0,1,6800000,58063.66703,8.0,9710.0,1.0,1.0,Low
1037,0,2,610.0,392.0,1.0,1,3278000,68531.27113,22.0,5370.0,1.0,1.0,Low
870,0,2,680.0,418.6334247,2.0,1,6500000,51844.22218,9.0,9560.0,1.0,1.0,Low
247,0,2,700.0,425.0,2.0,1,9800000,98000.0,21.0,14000.0,1.0,1.0,Low
1115,0,2,700.0,400.0,2.0,0,2900000,56498.02086,12.0,4140.0,1.0,1.0,Low
882,0,1,585.0,440.0,1.0,1,3100000,0.0,7.0,5300.0,1.0,1.0,Low
921,0,0,680.0,330.0,2.0,0,9000000,90000.0,40.0,13230.0,1.0,1.0,Low
1154,0,2,450.0,337.4760603,1.0,1,5136000,53362.21094,24.0,11410.0,1.0,2.0,Low
874,0,1,710.0,441.3614489,3.0,1,6500000,130000.0,14.0,9150.0,1.0,2.0,Low
89,0,0,600.0,395.3569782,2.000343207,2,7000000,139516.5547,7.0,11670.0,1.0,2.0,Low
518,0,2,510.0,450.0,1.0,1,9600000,96000.0,18.0,18820.0,1.0,1.0,Low
536,0,2,225.0,180.0,1.0,0,3185000,45000.0,7.0,14150.0,1.0,1.0,Low
351,0,1,550.0,430.0,2.0,2,7000000,41982.24487,21.0,12730.0,1.0,1.0,Low
3,0,1,515.0,450.0,1.0,1,9600000,96000.0,18.0,18640.0,1.0,1.0,Low
876,0,1,600.0,369.3073159,1.947680377,1,6200000,7775.516361,7.0,10330.0,1.0,2.0,Low
491,0,1,490.0,490.0,2.0,1,8500000,85000.0,38.0,17350.0,1.0,1.0,Low
100,0,1,785.0,456.3742502,2.0,1,6300000,20629.77708,4.0,8030.0,2.0,2.0,Low
889,0,1,695.0,480.0,2.0,2,6850000,73000.0,10.0,9860.0,1.0,1.0,Low
701,0,2,764.0,433.1284849,1.0,1,8000000,19107.47115,8.0,10470.0,2.0,2.0,Low
529,0,1,783.0,495.0,2.0,1,8600000,170000.0,30.0,10980.0,1.0,1.0,Low
23,0,0,545.0,410.0,1.0,2,5500000,59361.76192,20.0,10090.0,1.0,1.0,Low
180,0,2,650.0,410.0,2.0,1,8000000,10377.9883,20.0,12310.0,1.0,1.0,Low
1114,0,1,613.0,416.0,1.0,1,3000000,60000.0,15.0,4890.0,1.0,1.0,Low
796,0,1,560.0,380.0,1.0,1,4900000,82178.96198,7.0,8750.0,1.0,1.0,Low
173,0,1,607.0,450.0,2.0,1,8300000,83000.0,16.0,13670.0,1.0,1.0,Low
1037,0,2,610.0,392.0,1.0,1,3467000,25572.54861,22.0,5680.0,1.0,1.0,Low
184,0,0,610.0,421.0,2.0,0,9500000,95000.0,13.0,15570.0,1.0,1.0,Low
155,0,2,848.0,560.0,2.0,0,6800000,68000.0,19.0,8020.0,2.0,2.0,Low
137,0,2,550.0,400.0,2.0,1,9100000,91000.0,7.0,16550.0,1.0,1.0,Low
358,0,2,580.0,410.0,1.0,1,3400000,50000.00009,14.0,5860.0,1.0,1.0,Low
740,0,1,1050.0,750.0,1.0,2,9200000,88663.18838,28.0,8760.0,2.0,2.0,Low
873,0,1,550.0,420.7628974,1.0,1,8500000,85081.60297,7.0,15450.0,1.0,1.0,Low
424,0,1,1000.0,620.716193,3.0,1,7000000,8.302869378,7.0,7000.0,2.0,2.0,Low
265,0,2,660.0,400.0,2.0,1,8500000,85000.0,23.0,12880.0,1.0,1.0,Low
1049,0,2,540.0,400.0,1.0,2,3600000,51000.0,7.0,6670.0,1.0,1.0,Low
230,0,1,750.0,410.0,1.0,1,9000000,100774.4958,7.0,12000.0,1.0,1.0,Low
476,0,2,550.0,320.0,2.0,1,5388000,0.0,26.0,9800.0,1.0,1.0,Low
535,0,2,426.0,305.0,2.0,1,5130000,49999.0,24.0,12040.0,1.0,1.0,Low
890,0,1,696.0,450.0,2.0,2,6600000,65000.0,11.0,9480.0,1.0,1.0,Low
404,0,1,920.0,600.0,2.0,2,8400000,110000.0,7.0,9130.0,2.0,2.0,Low
549,0,1,585.0,425.0,2.0,1,6500000,130000.0001,22.0,11110.0,1.0,1.0,Low
800,0,2,660.0,550.0,1.0,1,2600000,52000.0,7.0,3940.0,1.0,1.0,Low
454,0,0,730.0,410.0,2.0,1,7500000,100000.0,14.0,10270.0,1.0,1.0,Low
714,0,2,594.0,420.0,2.0,0,8600000,86000.0,23.0,14480.0,1.0,1.0,Low
616,0,2,725.0,404.0,2.0,1,6750000,99999.0,11.0,9310.0,1.0,1.0,Low
928,0,2,500.0,350.0,2.0,1,7600000,76000.0,7.0,15200.0,1.0,1.0,Low
329,0,2,680.0,446.5876533,3.0,1,6100000,18490.39512,12.0,8970.0,1.0,2.0,Low
561,0,1,650.0,440.0,2.0,1,3500000,70000.0,4.0,5380.0,1.0,1.0,Low
104,0,2,700.0,560.0,2.0,1,7000000,139882.3193,9.0,10000.0,1.0,1.0,Low
1054,0,1,875.0,656.6681975,2.0,2,3200000,61181.47668,7.0,3660.0,2.0,2.0,Low
891,0,1,740.0,420.0,2.0,1,7850000,90999.0,15.0,10610.0,1.0,1.0,Low
363,0,2,300.0,190.0,2.0,2,3320000,32000.0,7.0,11070.0,1.0,1.0,Low
1083,0,2,610.0,410.5096666,2.0,1,3000000,63999.0,14.0,4920.0,1.0,1.0,Low
112,0,0,700.0,462.2615377,2.0,1,9500000,95098.22499,7.0,13570.0,2.0,2.0,Low
1001,0,1,700.0,398.6341568,2.0,1,7800000,160000.0,7.0,11140.0,2.0,1.0,Low
33,0,1,570.0,315.0,2.0,1,5300000,54999.0,7.0,9300.0,1.0,1.0,Low
970,0,1,560.0,397.0,2.0,1,6240000,0.0,12.0,11140.0,1.0,1.0,Low
1114,0,1,1350.0,724.3313547,4.0,1,6600000,82249.04401,15.0,4890.0,3.0,1.0,Low
841,0,2,400.0,350.0,1.0,0,3000000,56637.75129,7.0,7500.0,1.0,1.0,Low
850,0,1,865.0,544.1925358,3.0,1,4900000,95784.51316,7.0,5660.0,2.0,1.0,Low
1163,0,2,290.0,326.1801922,1.315682841,0,6800000,36884.39072,10.0,23450.0,1.0,1.054153238,Low
199,0,2,582.0,433.8774149,2.0,1,2760000,51999.0,9.0,4740.0,1.0,1.0,Low
905,0,0,500.0,397.787786,1.0,1,8500000,47315.26616,7.0,17000.0,1.0,1.0,Low
28,0,1,635.0,368.0,1.0,1,2950000,69999.0,15.0,4640.0,1.0,1.0,Low
1087,0,1,795.0,492.0,2.0,1,6359000,0.0,12.0,8000.0,1.0,1.0,Low
752,0,2,560.0,330.0,1.0,0,7500000,75000.0,8.0,13390.0,1.0,1.0,Low
969,0,2,700.0,449.1325961,2.0,2,7500000,41098.43096,7.0,10710.0,2.0,2.0,Low
740,0,1,650.0,448.0,2.0,1,6100000,61000.0,20.0,9380.0,1.0,1.0,Low
703,0,2,650.0,450.0,2.0,1,6500000,24015.97893,15.0,10000.0,1.0,1.0,Low
754,0,2,700.0,450.0,2.0,0,7200000,82199.16494,19.0,10290.0,1.0,1.0,Low
961,0,2,664.0,403.0,2.0,1,9000000,100000.0,23.0,13550.0,1.0,1.0,Low
1169,0,1,650.0,410.043169,2.0,1,3300000,56023.64112,14.0,5080.0,1.0,2.0,Low
791,0,1,750.0,498.0432693,2.0,1,7000000,23618.96283,10.0,9330.0,1.0,2.0,Low
1116,0,1,750.0,430.0,1.0,1,2800000,56000.0,15.0,3730.0,1.0,1.0,Low
799,0,2,550.0,400.0,1.0,0,9500000,95000.0,7.0,17270.0,1.0,1.0,Low
435,0,0,655.0,455.0,1.0,2,9800000,98000.0,7.0,14960.0,1.0,1.0,Low
1108,0,1,700.0,450.0,2.0,2,3800000,0.0,14.0,5430.0,1.0,1.0,Low
614,0,2,500.0,413.277205,2.0,1,2330000,7162.275317,7.0,4660.0,1.0,1.0,Low
966,0,0,900.0,679.8303726,3.0,1,9000000,149988.7477,14.0,10000.0,2.0,2.0,Low
371,0,2,650.0,420.0,1.0,0,3600000,79999.0,21.0,5540.0,1.0,1.0,Low
617,0,2,725.0,404.0,2.0,1,6700000,109301.2608,11.0,9240.0,1.0,1.0,Low
340,0,1,756.0,525.0,2.0,1,7000000,0.0,16.0,9260.0,1.0,1.0,Low
820,0,2,1100.0,925.0,3.0,2,9500000,190000.0,20.0,8640.0,3.0,3.0,Low
360,0,2,615.0,403.661059,2.0,1,3400000,68000.0,14.0,5530.0,1.0,1.0,Low
23,0,2,1050.0,750.0,3.0,1,9500000,150000.0,20.0,9050.0,3.0,3.0,Low
414,0,2,550.0,420.0,1.0,1,9500000,95000.0,7.0,17270.0,1.0,1.0,Low
37,0,0,1045.0,695.0,2.0,1,8300000,60044.97028,19.0,7940.0,2.0,2.0,Low
685,0,2,590.0,404.5671311,2.0,1,3350000,67000.0,14.0,5680.0,1.0,2.0,Low
1094,0,2,648.0,393.0,2.0,0,9000000,90000.0,23.0,13890.0,1.0,1.0,Low
971,0,1,700.0,495.0,2.0,1,5950000,0.0,23.0,8500.0,1.0,1.0,Low
286,0,0,700.0,460.0,2.0,1,9500000,95000.0,7.0,13570.0,1.0,1.0,Low
140,0,2,420.0,305.0,1.0,0,5400000,55000.0,24.0,12860.0,1.0,1.0,Low
1171,0,1,630.0,380.000002,2.0,1,1800000,7.4e-05,4.0,2860.0,1.0,1.0,Low
900,0,2,750.0,530.0,2.0,0,7500000,58503.89909,19.0,10000.0,1.0,1.0,Low
1147,0,1,350.0,369.639533,1.0,0,9000000,85004.88266,8.0,25710.0,1.0,2.0,Low
393,0,0,410.0,389.9868959,1.0,2,9700000,92958.28289,9.0,23660.0,1.0,2.0,Low
499,0,2,700.0,449.161057,3.0,0,7500000,39494.80652,19.0,10710.0,1.0,2.0,Low
637,0,0,410.0,419.9474654,1.0,1,9100000,64409.19506,12.0,22200.0,1.0,1.0,Low
614,0,2,500.0,413.277205,2.0,1,2330000,7162.275317,7.0,4660.0,1.0,1.0,Low
85,0,1,650.0,500.0,2.0,2,9900000,99000.0,8.0,15230.0,1.0,1.0,Low
1009,0,1,450.0,372.0,2.0,0,8000000,0.0,22.0,17780.0,1.0,1.0,Low
769,0,1,980.0,661.5415822,1.0,1,9800000,49116.66151,12.0,10000.0,2.0,2.0,Low
359,0,2,500.0,336.8090671,3.0,1,2500000,12055.28266,14.0,5000.0,1.0,1.0,Low
35,0,2,650.0,400.0,1.0,0,4200000,79999.0,7.0,6460.0,1.0,1.0,Low
6,0,1,600.0,410.0,2.0,0,8400000,84000.0,17.0,14000.0,1.0,1.0,Low
155,0,2,625.0,419.0,2.0,2,4800000,50000.0,19.0,7680.0,1.0,1.0,Low
634,0,1,225.0,180.0,2.0,0,3200000,50000.0,7.0,14220.0,1.0,1.0,Low
633,0,1,580.0,460.0,2.0,1,9800000,98000.0,8.0,16900.0,1.0,1.0,Low
1166,0,2,650.0,456.3998327,1.0,1,9000000,89999.47081,22.0,13850.0,1.0,2.0,Low
29,0,2,935.0,633.0,2.0,2,3893000,87400.0,15.0,4160.0,2.0,2.0,Low
968,0,2,700.0,695.0,2.0,1,6800000,57697.17176,12.0,9710.0,1.0,1.0,Low
4,0,2,510.0,450.0,1.0,1,9600000,96000.0,18.0,18820.0,1.0,1.0,Low
693,0,1,400.0,324.2301201,1.0,1,8500000,87908.01575,4.0,21250.0,1.0,1.0,Low
267,0,1,570.0,410.0,2.0,1,9900000,99000.0,8.0,17370.0,1.0,1.0,Low
852,0,1,600.0,390.0,2.0,0,2600000,25000.0,12.0,4330.0,1.0,1.0,Low
954,0,1,425.0,377.8217994,1.17599624,1,4200000,50159.83003,4.0,9880.0,1.0,1.17599624,Low
227,0,1,900.0,640.0419955,3.0,1,5400000,12949.38446,16.0,6000.0,2.0,1.0,Low
712,0,2,650.0,392.0,2.0,0,4200000,79999.0,14.0,6460.0,1.0,1.0,Low
646,0,1,696.0,515.0495136,2.0,0,5000000,100000.0,7.0,7180.0,1.0,2.0,Low
160,0,2,595.0,405.0,1.0,1,2900000,58000.0,15.0,4870.0,1.0,1.0,Low
773,0,1,580.0,394.3758858,2.0,2,8000000,1520.640474,9.0,13790.0,1.0,2.0,Low
1032,0,1,450.0,394.750153,2.0,0,3350000,38250.87839,15.0,7440.0,1.0,2.0,Low
790,0,1,600.0,440.0,2.0,1,9600000,96000.0,7.0,16000.0,1.0,1.0,Low
849,0,2,610.0,390.0,1.0,1,3600000,72000.0,14.0,5900.0,1.0,1.0,Low
1042,0,0,980.0,605.8411103,2.0,1,8900000,0.0,7.0,9080.0,2.0,2.0,Low
121,0,2,450.0,370.0,2.0,1,9600000,95999.99678,15.0,21330.0,1.0,1.0,Low
97,0,1,820.0,428.4345198,3.0,1,5409000,74771.67116,19.0,6600.0,2.0,1.0,Low
1129,0,1,905.0,564.5606783,3.0,0,4300000,80236.55366,9.0,4750.0,2.0,1.0,Low
114,0,1,750.0,650.0,2.0,1,4100000,82000.0,15.0,5470.0,2.0,2.0,Low
416,0,0,750.0,440.3965087,3.0,1,9500000,95000.35262,12.0,12670.0,1.0,2.0,Low
104,0,2,870.0,720.0,2.0,1,9100000,90987.22787,8.0,10460.0,2.0,2.0,Low
189,0,1,525.0,400.0928661,1.0,1,4600000,75484.49409,3.0,8760.0,1.0,1.0,Low
1032,0,1,450.0,394.750153,2.0,0,3350000,38250.87839,15.0,7440.0,1.0,2.0,Low
1042,0,0,980.0,605.8411103,2.0,1,8900000,0.0,7.0,9080.0,2.0,2.0,Low
807,0,1,606.0,412.0,2.0,1,8300000,0.0,16.0,13700.0,1.0,1.0,Low
413,0,2,620.0,436.1487592,1.0,2,9500000,95000.00078,3.0,15320.0,1.0,2.0,Low
28,0,1,895.0,565.0,2.0,1,4350000,79000.0,15.0,4860.0,2.0,2.0,Low
188,0,2,657.0,475.0,2.0,1,8800000,88000.0,13.0,13390.0,1.0,1.0,Low
1162,0,1,400.0,322.2451712,1.0,0,8500000,87989.88798,7.0,21250.0,1.0,1.0,Low
670,0,0,995.0,675.0,3.0,1,9000000,121544.6537,7.0,9040.0,2.0,2.0,Low
1051,0,2,700.0,560.0,1.0,0,9000000,90000.0,9.0,12860.0,1.0,1.0,Low
882,0,2,750.0,732.6583737,4.0,2,3850000,77000.0,7.0,5130.0,2.0,4.0,Low
158,0,2,572.0,390.0,1.0,2,2600000,3642.404444,15.0,4540.0,1.0,1.0,Low
1067,0,1,535.0,395.0,1.0,0,9500000,95000.0,7.0,17760.0,1.0,1.0,Low
179,0,1,595.0,400.0,2.0,1,2500000,2883.419344,9.0,4200.0,1.0,1.0,Low
524,0,1,560.0,421.0,1.0,1,3300000,0.0,7.0,5890.0,1.0,1.0,Low
926,0,2,504.0,557.4344551,3.0,1,4558000,100000.0,15.0,9040.0,1.0,2.0,Low
1005,0,1,695.0,435.0,1.0,1,9600000,100000.0,23.0,13810.0,1.0,1.0,Low
23,0,2,540.0,345.0,1.0,1,5800000,110000.0,20.0,10740.0,1.0,1.0,Low
430,0,2,675.0,418.0,2.0,1,6500000,53767.98754,12.0,9630.0,1.0,1.0,Low
1087,0,1,768.0,460.0,2.0,1,6399000,0.0,12.0,8330.0,1.0,1.0,Low
550,0,1,999.0,670.0,2.0,1,9900000,99579.54788,15.0,9910.0,2.0,2.0,Low
1021,0,1,940.0,635.208665,2.0,1,9500000,100000.0,15.0,10110.0,2.0,2.0,Low
739,0,2,710.0,450.0,2.0,1,6350000,99999.0,21.0,8940.0,1.0,1.0,Low
124,0,1,625.0,408.9713801,2.0,2,3000000,0.0,7.0,4800.0,1.0,1.0,Low
110,0,1,480.0,403.4029757,1.0,1,6200000,24671.6431,7.0,12920.0,1.0,1.0,Low
290,0,2,700.0,479.9500296,3.0,0,7000000,84808.08583,20.0,10000.0,1.0,2.0,Low
1138,0,2,525.0,415.8833449,1.0,0,9200000,91999.99598,5.0,17520.0,1.0,1.0,Low
217,0,2,540.0,400.6692184,1.0,1,8000000,2056.95491,4.0,14810.0,1.0,2.0,Low
389,0,1,650.0,550.0,2.0,0,3900000,41746.19449,12.0,6000.0,2.0,2.0,Low
1129,0,1,560.0,400.0,1.0,1,3100000,62000.0,4.0,5540.0,1.0,1.0,Low
111,0,1,510.0,510.0,1.0,1,6000000,0.0,3.0,11760.0,1.0,1.0,Low
668,0,1,545.0,390.0,1.0,2,2420000,0.0,7.0,4440.0,1.0,1.0,Low
1143,0,2,600.0,400.2162519,2.0,2,3250000,65088.83793,10.0,5420.0,1.0,1.0,Low
267,0,2,350.0,250.0,1.0,0,6700000,65000.0,8.0,19140.0,1.0,1.0,Low
60,0,1,650.0,425.0,2.0,1,7000000,99996.52573,15.0,10770.0,1.0,1.0,Low
353,0,2,693.0,450.0,2.0,0,6500000,69999.0,23.0,9380.0,1.0,1.0,Low
718,0,1,560.0,400.0,1.0,1,3250000,65258.86683,7.0,5800.0,1.0,1.0,Low
37,0,1,950.0,550.0,2.0,1,9100000,91000.0,19.0,9580.0,2.0,2.0,Low
491,0,1,730.0,450.0,2.0,1,5500000,55000.0,28.0,7530.0,1.0,1.0,Low
751,0,1,510.0,401.0,2.0,1,9000000,90000.0,22.0,17650.0,1.0,1.0,Low
1173,0,2,500.0,361.4206799,1.0,1,9000000,80620.90613,9.0,18000.0,1.0,2.0,Low
1091,0,1,396.0,396.0,2.0,0,8500000,85000.0,23.0,21460.0,1.0,1.0,Low
269,0,1,569.0,435.0,2.0,1,9800000,95000.0,7.0,17220.0,1.0,1.0,Low
613,0,0,630.0,499.1697687,1.0,1,9950000,105653.5114,7.0,15790.0,1.0,2.0,Low
371,0,2,640.0,707.4954415,1.0,1,4250000,80000.0,22.0,6640.0,1.0,2.0,Low
194,0,0,450.0,394.9819069,2.99999986,1,3130000,69997.99674,7.0,6960.0,1.0,1.0,Low
350,0,0,320.0,386.6517874,1.08921202,1,6800000,53019.21515,23.0,21250.0,1.0,1.0,Low
958,0,2,628.0,419.0,2.0,1,7500000,99999.0,18.0,11940.0,1.0,1.0,Low
819,0,1,540.0,380.0,1.0,1,5300000,57581.1953,8.0,9810.0,1.0,1.0,Low
880,0,1,584.0,325.0,1.0,1,3000000,60000.0,9.0,5140.0,1.0,1.0,Low
55,0,2,650.0,443.992743,1.0,1,9400000,95006.97133,7.0,14460.0,1.0,2.0,Low
360,0,2,615.0,403.661059,2.0,1,3400000,68000.0,14.0,5530.0,1.0,1.0,Low
967,0,2,610.0,422.0580537,3.0,3,2950000,49918.73864,7.0,4840.0,1.0,1.0,Low
1078,0,1,675.0,414.8612922,2.0,1,6500000,59415.15551,7.0,9630.0,1.0,1.0,Low
884,0,1,630.0,450.0,2.0,1,2900000,58000.0,7.0,4600.0,1.0,1.0,Low
987,0,1,675.0,410.0,1.0,1,3300000,66000.0,10.0,4890.0,1.0,1.0,Low
683,0,2,350.0,319.5512654,1.0,0,7500000,75000.00628,6.0,21430.0,1.0,2.0,Low
776,0,2,685.0,396.0,1.0,1,8650000,86500.0,22.0,12630.0,1.0,1.0,Low
914,0,1,550.0,385.0,1.0,2,2600000,0.0,11.0,4730.0,1.0,1.0,Low
1038,0,2,500.0,392.0,2.0,1,3230000,62000.0,22.0,6460.0,1.0,1.0,Low
210,0,1,650.0,390.0,1.0,1,3050000,41000.0,14.0,4690.0,1.0,1.0,Low
507,0,2,525.0,450.0,2.0,0,9500000,95000.0,7.0,18090.0,1.0,1.0,Low
709,0,1,600.0,405.5742263,2.0,1,2800000,1116.040977,12.0,4670.0,1.0,1.0,Low
452,0,1,720.0,430.0,2.0,1,7400000,95000.0,12.0,10280.0,1.0,1.0,Low
880,0,2,595.0,407.0,1.0,2,2899000,57999.0,9.0,4870.0,1.0,1.0,Low
748,0,2,1000.0,610.1552624,4.0,1,9500000,59233.52827,15.0,9500.0,2.0,2.0,Low
1032,0,1,450.0,394.750153,2.0,0,3350000,38250.87839,15.0,7440.0,1.0,2.0,Low
895,0,2,500.0,320.0,1.0,1,6000000,5221.948809,7.0,12000.0,1.0,1.0,Low
975,0,1,400.0,350.0,1.0,0,2500000,30090.55179,18.0,6250.0,1.0,1.0,Low
621,0,1,590.0,385.0,1.0,2,2900000,58695.32732,9.0,4920.0,1.0,1.0,Low
706,0,1,750.0,430.0,1.0,1,2700000,54000.0,15.0,3600.0,1.0,1.0,Low
346,0,1,650.0,470.0,2.0,1,7000000,99682.31834,25.0,10770.0,1.0,1.0,Low
1114,0,1,663.0,447.0,1.0,1,3170000,63400.0,15.0,4780.0,1.0,1.0,Low
211,0,1,670.0,400.0,1.0,1,3150000,59999.0,14.0,4700.0,1.0,1.0,Low
63,0,2,620.0,433.3573075,2.0,1,7000000,87900.99705,10.0,11290.0,1.0,2.0,Low
172,0,1,590.0,400.0,1.0,2,2800000,0.0,7.0,4750.0,1.0,1.0,Low
894,0,1,375.0,270.0,1.0,1,2150000,27951.65184,7.0,5730.0,1.0,1.0,Low
614,0,2,850.0,303.2030493,2.0,1,2170000,38700.54247,7.0,2550.0,1.0,1.0,Low
798,0,2,1050.0,830.0,2.0,1,6500000,91506.89559,14.0,6190.0,2.0,2.0,Low
1037,0,2,850.0,547.0,1.0,1,5210000,66018.72743,22.0,6130.0,2.0,2.0,Low
341,0,1,810.0,600.0,2.0,0,9500000,95000.0,20.0,11730.0,2.0,2.0,Low
774,0,1,756.0,432.0,2.0,1,8000000,0.0,13.0,10580.0,1.0,1.0,Low
1086,0,1,696.0,410.0,2.0,1,7800000,0.0,11.0,11210.0,1.0,1.0,Low
851,0,1,1080.0,815.0,2.0,1,5300000,110000.0,7.0,4910.0,2.0,2.0,Low
175,0,2,672.0,560.0,2.0,1,8500000,100521.3704,16.0,12650.0,1.0,1.0,Low
741,0,1,550.0,450.0,2.0,1,6000000,115939.2831,4.0,10910.0,1.0,1.0,Low
619,0,2,775.0,505.0,1.0,1,4700000,79594.40023,14.0,6060.0,2.0,2.0,Low
23,0,1,800.0,625.0,2.0,2,7300000,100000.0,8.0,9130.0,2.0,2.0,Low
1071,0,1,590.0,450.0,1.0,2,16000000,160000.0,70.0,27120.0,1.0,1.0,Medium
724,0,0,1010.0,686.0,2.0,2,12000000,247897.3434,14.0,11880.0,2.0,2.0,Medium
71,0,1,600.0,405.0,2.0,2,13000000,11808919.93,9.0,21670.0,1.0,1.0,Medium
724,0,1,1060.0,750.0,2.0,2,13000000,130000.0,22.0,12260.0,2.0,2.0,Medium
875,0,1,680.0,615.0,2.0,1,11100000,110000.0,6.0,16320.0,2.0,2.0,Medium
934,0,2,645.0,455.5722156,1.0,1,11000000,11000000.0,32.0,17050.0,2.0,2.0,Medium
931,0,2,950.0,640.0,2.0,1,10500000,120000.0,9.0,11050.0,2.0,2.0,Medium
984,0,1,750.0,686.0,2.0,1,16800000,170000.0,55.0,22400.0,2.0,2.0,Medium
479,0,2,500.0,495.0,1.0,1,15000000,150000.0,43.0,30000.0,1.0,1.0,Medium
40,0,2,480.0,341.0,2.0,1,11000000,110000.0,22.0,22920.0,1.0,1.0,Medium
537,0,1,800.0,650.0157738,1.0,1,16500000,16500000.0,8.0,20630.0,2.0,2.0,Medium
1067,0,0,800.0,675.0,2.0,1,15500000,160000.0,8.0,19380.0,2.0,2.0,Medium
235,0,2,637.0,490.0,2.0,1,11500000,130000.0001,9.0,18050.0,1.0,1.0,Medium
708,0,1,850.0,673.0,2.0,1,17500000,0.0,9.0,20590.0,2.0,2.0,Medium
198,0,1,550.0,447.0,1.0,0,12500000,130000.0,16.0,22730.0,1.0,1.0,Medium
444,0,2,1110.0,740.3456234,2.0,1,17000000,17000000.0,22.0,15310.0,2.0,2.0,Medium
458,0,0,1395.0,1012.0,3.0,1,18800000,92578.63908,16.0,13480.0,3.0,3.0,Medium
1013,0,1,575.0,455.0,2.0,2,10100000,100000.0,21.0,17570.0,1.0,1.0,Medium
83,0,0,489.0,489.0,1.0,2,11000000,0.0,16.0,22490.0,1.0,1.0,Medium
785,0,1,885.0,650.0,2.0,1,19500000,8551547.047,40.0,22030.0,2.0,2.0,Medium
861,0,1,880.0,590.0,2.0,1,11500000,100000.0001,22.0,13070.0,2.0,2.0,Medium
901,0,1,825.0,725.0,2.0,1,11200000,0.0,27.0,13570.0,2.0,2.0,Medium
348,0,0,980.0,605.0,2.0,1,13300000,102867.92,23.0,13570.0,2.0,2.0,Medium
367,0,2,800.0,666.6649703,1.0,2,19000000,19000000.0,15.0,23750.0,2.0,2.0,Medium
20,0,1,600.0,516.9022979,1.0,1,12000000,12000000.0,4.0,20000.0,2.0,2.0,Medium
782,0,0,925.0,645.0,2.0,2,16700000,139510.0838,20.0,18050.0,2.0,2.0,Medium
1122,0,2,650.0,485.0,2.0,1,13000000,130000.0,13.0,20000.0,1.0,1.0,Medium
349,0,2,650.0,462.3879563,1.76874547,1,12500000,12500000.0,24.0,19230.0,2.0,3.0,Medium
1027,0,2,557.0,457.0,2.0,1,12000000,120000.0,23.0,21540.0,1.0,1.0,Medium
806,0,1,690.0,650.0,2.0,3,14100000,140000.0,17.0,20430.0,2.0,2.0,Medium
737,0,2,640.0,450.0,2.0,1,13400000,140000.0,7.0,20940.0,1.0,1.0,Medium
501,0,1,850.0,750.0,2.0,1,15000000,150000.0,16.0,17650.0,2.0,2.0,Medium
1125,0,1,950.0,720.0,2.0,2,18800000,190000.0,43.0,19820.0,2.0,2.0,Medium
779,0,2,1100.0,700.0,2.0,0,12500000,130000.0,16.0,11360.0,2.0,2.0,Medium
7,0,2,800.0,623.0,2.0,0,15000000,150000.0,12.0,18750.0,2.0,2.0,Medium
247,0,2,600.0,427.0,2.0,1,10500000,110000.0,21.0,17500.0,1.0,1.0,Medium
911,0,1,528.0,400.0,2.0,2,14600000,150000.0,16.0,27650.0,2.0,2.0,Medium
818,0,0,1800.0,1400.0,3.0,2,15000000,2349406.986,7.0,8330.0,3.0,3.0,Medium
1012,0,2,950.0,630.0,2.0,2,13500000,140000.0,20.0,14210.0,2.0,2.0,Medium
247,0,2,1000.0,707.0,2.0,1,16900000,170000.0,21.0,16900.0,2.0,2.0,Medium
415,0,2,800.0,618.0,2.0,1,14000000,140000.0,11.0,17500.0,2.0,2.0,Medium
1130,0,2,711.0,646.8083946,1.0,1,17800000,17800000.0,15.0,25040.0,2.0,2.0,Medium
459,0,2,1395.0,1012.0,3.0,1,19400000,180000.0,16.0,13910.0,3.0,3.0,Medium
729,0,2,550.0,450.0,2.0,1,17000000,160000.0,12.0,30910.0,2.0,2.0,Medium
105,0,0,485.0,385.0,2.0,1,13000000,130000.0,7.0,26800.0,1.0,1.0,Medium
1056,0,2,595.0,450.3084891,1.605385527,1,13000000,13000000.0,14.0,21850.0,2.0,1.815598821,Medium
951,0,1,490.0,475.5800655,1.0,1,10000000,10000000.0,12.0,20410.0,1.0,2.0,Medium
136,0,2,702.0,520.0,2.0,0,12500000,130000.0,9.0,17810.0,2.0,2.0,Medium
327,0,1,660.0,495.2889612,1.0,1,12000000,12000000.0,7.0,18180.0,1.0,2.0,Medium
529,0,1,1150.0,652.0,2.0,2,14000000,180000.0,30.0,12170.0,2.0,2.0,Medium
459,0,1,1012.0,900.0,3.0,1,17400000,9377586.973,15.0,17190.0,3.0,3.0,Medium
867,0,1,685.0,520.0,2.0,2,14000000,2479362.137,21.0,20440.0,1.0,1.0,Medium
392,0,1,576.0,460.0602256,1.0,1,13500000,13500000.0,4.0,23440.0,1.0,1.0,Medium
997,0,1,1050.0,620.0,2.0,1,10800000,140000.0,7.0,10290.0,2.0,2.0,Medium
1145,0,1,1000.0,603.3949287,1.0,1,19900000,19900000.0,8.0,19900.0,3.0,3.0,Medium
261,0,1,950.0,540.0,2.0,0,14500000,130000.0,8.0,15260.0,2.0,2.0,Medium
235,0,2,770.0,670.0,2.0,1,19500000,190000.0,9.0,25320.0,2.0,2.0,Medium
716,0,2,615.0,1186.323649,1.0,1,18800000,18800000.0,2.0,30570.0,1.0,2.0,Medium
600,0,1,900.0,705.0,2.0,3,18500000,190000.0,23.0,20550.0,2.0,2.0,Medium
392,0,1,840.0,671.2859825,1.0,1,19000000,19000000.0,7.0,22620.0,2.0,2.0,Medium
263,0,2,700.0,650.0,2.0,1,15000000,150000.0,21.0,21430.0,2.0,2.0,Medium
500,0,0,685.0,439.0,2.0,1,10000000,6932902.147,7.0,14600.0,1.0,1.0,Medium
45,0,2,870.0,684.476213,1.0,1,19000000,19000000.0,15.0,21840.0,3.0,3.0,Medium
814,0,2,510.0,425.0,2.0,0,11000000,110000.0,7.0,21570.0,1.0,1.0,Medium
992,0,1,650.0,450.0,2.0,1,12500000,130000.0,8.0,19230.0,1.0,1.0,Medium
432,0,1,560.0,450.0,2.0,1,14500000,140000.0,8.0,25890.0,1.0,1.0,Medium
279,0,1,981.0,805.8337794,1.0,2,10800000,10800000.0,23.0,11010.0,2.0,2.0,Medium
1008,0,1,1180.0,750.0,2.0,1,16500000,160000.0,10.0,13980.0,2.0,2.0,Medium
933,0,1,757.0,631.0,2.0,1,19000000,190000.0,37.0,25100.0,2.0,2.0,Medium
68,0,2,650.0,450.0,1.0,2,12500000,130000.0,22.0,19230.0,1.0,1.0,Medium
833,0,1,740.0,680.0,2.0,1,18000000,8690123.066,36.0,24320.0,2.0,2.0,Medium
886,0,1,810.0,620.0049712,1.0,1,15700000,15700000.0,14.0,19380.0,2.0,2.0,Medium
532,0,2,600.0,664.4548941,1.0,1,16500000,16500000.0,13.0,27500.0,1.0,2.0,Medium
771,0,2,1050.0,750.0,2.0,1,10000000,304906.1683,7.0,9520.0,2.0,2.0,Medium
200,0,2,588.0,400.0,2.0,2,16000000,160000.0,16.0,27210.0,2.0,2.0,Medium
531,0,2,1050.0,800.0,2.0,1,19500000,160000.0,21.0,18570.0,3.0,3.0,Medium
812,0,2,526.0,426.0,2.0,1,13400000,0.0,18.0,25480.0,1.0,1.0,Medium
821,0,0,650.0,500.0,2.0,0,13200000,130000.0,6.0,20310.0,2.0,2.0,Medium
237,0,2,688.0,574.0,2.0,1,14500000,8207457.539,11.0,21070.0,1.0,1.0,Medium
13,0,2,1150.0,743.0,2.0,1,18000000,180000.0,38.0,15650.0,2.0,2.0,Medium
1095,0,1,540.0,460.4543017,1.0,1,13500000,13500000.0,7.0,25000.0,1.0,1.0,Medium
804,0,1,790.0,590.0,2.0,1,16500000,160000.0,22.0,20890.0,2.0,2.0,Medium
555,0,2,675.0,500.0,2.0,1,11000000,110000.0,15.0,16300.0,2.0,2.0,Medium
991,0,2,1026.0,755.8307692,1.0,1,13000000,13000000.0,23.0,12670.0,2.0,2.0,Medium
1165,0,2,480.0,460.272662,1.0,1,12500000,12500000.0,6.0,26040.0,1.0,2.0,Medium
362,0,2,750.0,594.3518758,1.0,1,17000000,17000000.0,15.0,22670.0,2.0,1.0,Medium
515,0,2,1050.0,750.0,2.0,1,19000000,190000.0,15.0,18090.0,2.0,2.0,Medium
138,0,1,410.0,368.0,2.0,2,11000000,110000.0,35.0,26830.0,1.0,1.0,Medium
49,0,0,550.0,423.0,2.0,1,13200000,130000.0,16.0,24000.0,1.0,1.0,Medium
835,0,1,875.0,689.0,2.0,2,18000000,180000.0,36.0,20570.0,2.0,2.0,Medium
560,0,0,749.0,575.0,2.0,1,11500000,110000.0,18.0,15350.0,2.0,2.0,Medium
203,0,1,838.0,671.1844348,1.0,1,19000000,19000000.0,15.0,22670.0,2.0,2.0,Medium
899,0,2,790.0,634.8232845,3.0,1,17500000,17500000.0,7.0,22150.0,2.0,2.0,Medium
326,0,2,940.0,714.0,2.0,2,19500000,190000.0,15.0,20740.0,2.0,2.0,Medium
39,0,2,955.0,710.0,2.0,1,17000000,170000.0,18.0,17800.0,2.0,2.0,Medium
538,0,0,850.0,720.0,2.0,1,17000000,170000.0,16.0,20000.0,2.0,2.0,Medium
414,0,1,650.0,515.0,2.0,1,11500000,110000.0,7.0,17690.0,2.0,2.0,Medium
57,0,0,790.0,580.0,2.0,1,18500000,190000.0,16.0,23420.0,2.0,2.0,Medium
919,0,2,850.0,530.0,2.0,1,13500000,140000.0,8.0,15880.0,2.0,2.0,Medium
559,0,1,560.0,450.0,1.0,0,11500000,110000.0,7.0,20540.0,1.0,1.0,Medium
73,0,1,585.0,400.1922464,1.0,1,10800000,110000.0,31.0,18460.0,1.0,2.0,Medium
696,0,0,1027.0,827.0,2.0,2,15500000,10090258.99,17.0,15090.0,2.0,2.0,Medium
1052,0,2,650.0,588.092486,1.0,1,17000000,17000000.0,4.0,26150.0,1.0,1.0,Medium
106,0,2,1000.0,769.5295742,1.00035991,1,13000000,13000000.0,7.0,13000.0,2.0,2.0,Medium
96,0,2,498.0,498.0,1.0,0,11000000,110000.0,7.0,22090.0,1.0,1.0,Medium
327,0,2,1250.0,780.0,2.0,1,18400000,180000.0,7.0,14720.0,2.0,2.0,Medium
923,0,2,680.0,400.0,2.0,1,10500000,110000.0,20.0,15440.0,1.0,1.0,Medium
687,0,2,692.0,592.0,2.0,1,17700000,180000.0,9.0,25580.0,2.0,2.0,Medium
445,0,1,1000.0,800.0,2.0,2,16000000,320000.0,11.0,16000.0,2.0,2.0,Medium
163,0,2,417.0,415.0,2.0,1,11000000,110000.0,10.0,26380.0,1.0,1.0,Medium
226,0,0,620.0,475.0,1.0,2,10500000,110000.0,20.0,16930.0,1.0,1.0,Medium
682,0,0,1050.0,685.0,2.0,1,19000000,179322.8888,7.0,18090.0,2.0,2.0,Medium
959,0,2,790.0,585.0,2.0,1,14200000,268478.1254,9.0,17970.0,2.0,2.0,Medium
666,0,1,520.0,420.0,1.0,1,12800000,0.0,14.0,24610.0,1.0,1.0,Medium
42,0,1,755.0,650.0,2.0,1,14500000,140000.0,7.0,19200.0,2.0,2.0,Medium
828,0,1,1050.0,661.0,2.0,2,17300000,170000.0,36.0,16480.0,2.0,2.0,Medium
1026,0,0,580.0,480.0,2.0,2,11400000,110000.0,7.0,19660.0,1.0,1.0,Medium
618,0,1,981.0,610.792899,1.0,1,15200000,15200000.0,7.0,15490.0,2.0,2.0,Medium
328,0,2,620.0,443.3456026,1.0,0,10500000,10500000.0,15.0,16930.0,1.0,1.0,Medium
571,0,2,600.0,450.0,2.0,0,13500000,140000.0,22.0,22500.0,1.0,1.0,Medium
354,0,2,990.0,662.0,2.0,2,12500000,150000.0,23.0,12630.0,2.0,2.0,Medium
788,0,1,706.0,628.0,2.0,1,11700000,0.0,17.0,16570.0,1.0,1.0,Medium
1007,0,1,550.0,400.0,2.0,2,14000000,110000.0,23.0,25450.0,1.0,1.0,Medium
340,0,1,750.0,486.633965,3.0,1,13000000,3093485.284,16.0,17330.0,2.0,2.0,Medium
26,0,1,590.0,420.0,2.0,1,10000000,0.0,10.0,16950.0,1.0,1.0,Medium
985,0,2,1050.0,763.2224034,2.0,1,14000000,14000000.0,15.28856259,13330.0,3.0,2.0,Medium
145,0,2,500.0,611.6660019,1.0,1,18000000,18000000.0,8.0,36000.0,1.0,2.0,Medium
142,0,2,495.0,407.7673552,1.0,1,11000000,11000000.0,13.0,22220.0,1.0,2.0,Medium
0,0,0,820.0,670.0,2.0,1,17500000,0.0,14.0,21340.0,2.0,2.0,Medium
143,0,2,530.0,399.6609786,1.0,1,10500000,10500000.0,7.0,19810.0,1.0,2.0,Medium
979,0,0,500.0,423.4106672,1.0,2,10000000,10000000.0,12.0,20000.0,1.0,2.0,Medium
733,0,2,450.0,390.9537522,1.0,0,16000000,16000000.0,20.0,35550.0,1.0,2.0,Medium
55,0,2,850.0,600.0,2.0,1,16000000,160000.0,7.0,18820.0,2.0,2.0,Medium
879,0,0,1150.0,604.1489512,2.0,1,12800000,12800000.0,7.0,11130.0,3.0,3.0,Medium
1161,0,2,850.0,671.165646,1.0,2,18500000,18500000.0,20.0,21760.0,2.0,2.0,Medium
784,0,2,790.0,479.0,2.0,1,13300000,130000.0,40.0,16840.0,1.0,1.0,Medium
948,0,1,620.0,436.0,2.0,1,13000000,130000.0,22.0,20970.0,1.0,1.0,Medium
391,0,1,960.0,650.0,2.0,0,11500000,110000.0,23.0,11980.0,2.0,2.0,Medium
988,0,1,525.0,501.9167541,1.0,0,13200000,13200000.0,12.0,25140.0,1.0,1.0,Medium
1125,0,1,663.0,663.0,2.0,1,19500000,190000.0,45.0,29410.0,2.0,2.0,Medium
365,0,1,945.0,686.4336172,1.0,1,16500000,16500000.0,7.0,17460.0,2.0,2.0,Medium
1063,0,2,620.0,458.0,2.0,0,10600000,110000.0,22.0,17100.0,1.0,1.0,Medium
1076,0,2,550.0,488.0,2.0,1,13500000,140000.0,16.0,24550.0,1.0,1.0,Medium
521,0,2,650.0,450.0,1.0,0,18000000,180000.0,21.0,27690.0,1.0,1.0,Medium
1097,0,0,600.0,450.0,1.0,2,10000000,100000.0,17.0,16670.0,1.0,1.0,Medium
327,0,2,425.0,425.0,2.0,1,11100000,110000.0,8.0,26120.0,1.0,1.0,Medium
396,0,1,851.0,851.0,2.0,2,18500000,190000.0,36.0,21740.0,2.0,2.0,Medium
20,0,1,600.0,516.9022979,1.0,1,12000000,12000000.0,4.0,20000.0,2.0,2.0,Medium
1158,0,1,580.0,607.8214421,1.0,2,14700000,14700000.0,3.0,25340.0,1.0,1.0,Medium
233,0,2,1250.0,800.0283971,1.0,1,19500000,19500000.0,15.0,15600.0,2.0,2.0,Medium
723,0,2,965.0,765.0,2.0,1,11000000,135864.4859,20.0,11400.0,2.0,2.0,Medium
378,0,1,1000.0,738.0,2.0,0,19000000,190000.0,14.0,19000.0,2.0,2.0,Medium
727,0,2,527.0,391.0,2.0,2,11000000,0.0,14.0,20870.0,1.0,1.0,Medium
816,0,2,875.0,641.0,2.0,1,10600000,200000.0,21.0,12060.0,1.0,1.0,Medium
1,0,1,1020.0,851.0,2.0,1,19800000,200000.0,23.0,19410.0,2.0,2.0,Medium
384,0,2,950.0,607.0,2.0,1,18500000,190000.0,22.0,19470.0,2.0,2.0,Medium
138,0,2,690.0,585.0,2.0,0,14800000,150000.0,35.0,21450.0,2.0,2.0,Medium
459,0,1,742.0,700.0,2.0,1,12800000,12120070.54,15.0,17250.0,2.0,2.0,Medium
1137,0,2,515.0,415.0,2.0,1,18000000,180000.0,12.0,34950.0,1.0,1.0,Medium
339,0,2,750.0,595.8664298,3.0,1,12000000,1843946.589,8.0,16000.0,2.0,2.0,Medium
327,0,2,585.0,445.6328992,2.0,1,11500000,11500000.0,13.0,19660.0,1.0,2.0,Medium
557,0,0,1150.0,760.0,2.0,2,18300000,180000.0,14.0,15910.0,2.0,2.0,Medium
86,0,2,1088.0,680.0,2.0,2,18300000,0.0,40.0,16820.0,2.0,2.0,Medium
632,0,2,615.0,1186.323649,1.0,1,18800000,18800000.0,3.0,30570.0,1.0,2.0,Medium
5,0,0,1050.0,685.0,2.0,1,19000000,179322.8888,7.0,18090.0,2.0,2.0,Medium
570,0,1,725.0,513.0,1.0,2,10200000,100000.0,20.0,14070.0,1.0,1.0,Medium
511,0,2,800.0,676.0067578,2.981043097,0,15500000,15500000.0,7.0,19380.0,2.0,2.000000161,Medium
138,0,2,680.0,585.0,2.0,0,14700000,150000.0,35.0,21620.0,2.0,2.0,Medium
337,0,2,850.0,700.0,2.0,1,14900000,139351.6475,9.0,17530.0,2.0,2.0,Medium
676,0,1,850.0,625.0,2.0,1,16000000,6380064.062,32.0,18820.0,2.0,2.0,Medium
402,0,2,850.0,655.0,2.0,0,13500000,139193.8463,19.0,15880.0,2.0,2.0,Medium
116,0,2,1000.0,640.0,2.0,2,16000000,0.0,20.0,16000.0,2.0,2.0,Medium
949,0,1,790.0,580.0,2.0,1,19000000,190000.0,8.0,24050.0,2.0,2.0,Medium
39,0,1,955.0,710.0,2.0,1,19500000,190000.0,18.0,20420.0,2.0,2.0,Medium
948,0,1,1020.0,680.0,2.0,1,19000000,190000.0,22.0,18630.0,2.0,2.0,Medium
42,0,1,850.0,625.0,2.0,1,14500000,140000.0,9.0,17060.0,2.0,2.0,Medium
640,0,2,696.0,633.0,2.0,1,17000000,170000.0,16.0,24430.0,2.0,2.0,Medium
1119,0,1,746.0,597.0,2.0,1,18500000,190000.0,24.0,24800.0,2.0,2.0,Medium
697,0,1,650.0,441.5127868,1.0,1,14000000,14000000.0,5.0,21540.0,1.0,1.0,Medium
528,0,1,1150.0,652.0,2.0,2,14500000,170000.0,30.0,12610.0,2.0,2.0,Medium
1149,0,2,700.0,484.674249,1.0,0,11000000,11000000.0,8.0,15710.0,2.0,2.0,Medium
10,0,2,811.0,711.0,2.0,1,18000000,0.0,22.0,22190.0,2.0,2.0,Medium
580,0,1,600.0,425.0,2.0,1,11000000,100000.0,19.0,18330.0,1.0,1.0,Medium
489,0,2,1250.0,1050.0,3.0,2,12500000,1243957.295,30.0,10000.0,3.0,3.0,Medium
492,0,1,900.0,707.0,2.0,1,11500000,110000.0,27.0,12780.0,2.0,2.0,Medium
980,0,1,650.0,452.2282681,1.0,0,11000000,11000000.0,15.0,16920.0,1.0,2.0,Medium
1061,0,2,1150.0,750.0,2.0,1,17500000,180000.0,12.0,15220.0,2.0,2.0,Medium
539,0,2,525.0,448.0,2.0,1,12500000,130000.0,33.0,23810.0,1.0,1.0,Medium
1028,0,2,650.0,505.0,2.0,1,17600000,160000.0,7.0,27060.0,1.0,1.0,Medium
877,0,1,800.0,650.0,2.0,1,17500000,0.0,9.0,21880.0,2.0,2.0,Medium
744,0,2,929.0,664.0,2.0,1,16500000,160000.0,21.0,17760.0,2.0,2.0,Medium
264,0,1,900.0,737.0,2.0,1,17700000,180000.0,23.0,19670.0,2.0,2.0,Medium
1125,0,1,663.0,663.0,2.0,2,18500000,190000.0,43.0,27900.0,2.0,2.0,Medium
182,0,1,785.0,580.0,2.0,0,14800000,150000.0,7.0,18850.0,2.0,2.0,Medium
59,0,0,600.0,470.0,2.0,1,11500000,110000.0,4.0,19170.0,1.0,1.0,Medium
408,0,1,430.0,380.0,2.0,1,10000000,100000.0,6.0,23250.0,1.0,1.0,Medium
327,0,2,750.0,577.7031325,1.0,1,14500000,14500000.0,4.0,19330.0,2.0,2.0,Medium
248,0,2,635.0,427.0,2.0,1,11000000,110000.0,21.0,17320.0,1.0,1.0,Medium
1073,0,1,479.0,323.75435,1.0,0,12000000,12000000.0,21.0,25050.0,1.0,2.0,Medium
128,0,1,480.0,387.0580224,1.0,1,10900000,10900000.0,5.0,22710.0,1.0,2.0,Medium
368,0,2,650.0,430.0,2.0,1,12800000,0.0,22.0,19690.0,1.0,1.0,Medium
197,0,2,565.0,465.0,2.0,1,12000000,0.0,11.0,21240.0,1.0,1.0,Medium
1026,0,0,600.0,435.0,2.0,1,13500000,140000.0,7.0,22500.0,1.0,1.0,Medium
420,0,0,650.0,440.0,2.0,1,11500000,110000.0,21.0,17690.0,1.0,1.0,Medium
384,0,2,520.0,420.0,2.0,1,12000000,120000.0,28.0,23080.0,1.0,1.0,Medium
357,0,0,1500.0,726.1920005,3.0,2,18000000,18000000.0,35.0,12000.0,3.0,3.0,Medium
669,0,2,700.0,700.0,2.0,2,18500000,190000.0,15.0,26430.0,2.0,2.0,Medium
822,0,2,525.0,1053.809333,1.0,1,13700000,13700000.0,23.0,26090.0,1.0,2.0,Medium
340,0,2,1030.0,722.0854805,4.0,1,11000000,111672.1959,15.0,10680.0,2.0,2.0,Medium
345,0,2,900.0,650.0,2.0,0,12000000,188631.2979,23.0,13330.0,2.0,2.0,Medium
327,0,1,498.0,415.0,2.0,0,13500000,140000.0,7.0,27110.0,1.0,1.0,Medium
587,0,0,2000.0,1400.0,3.0,2,18500000,370000.0,20.0,9250.0,3.0,3.0,Medium
1053,0,2,1050.0,650.0131655,1.0,1,17000000,17000000.0,15.0,16190.0,2.0,2.0,Medium
1062,0,2,963.0,584.0,2.0,1,14200000,0.0,23.0,14740.0,2.0,2.0,Medium
695,0,2,850.0,496.2187577,1.0,1,14500000,14500000.0,7.0,17060.0,2.0,2.0,Medium
1144,0,1,580.0,460.0008666,1.0,1,13500000,13500000.0,7.0,23270.0,1.0,1.0,Medium
1135,0,1,450.0,350.0,1.0,1,12500000,130000.0,14.0,27780.0,1.0,1.0,Medium
72,0,1,695.0,521.5366508,1.0,1,14000000,0.0,31.0,20140.0,2.0,2.0,Medium
242,0,2,750.0,654.0,2.0,0,17000000,170000.0,15.0,22670.0,2.0,2.0,Medium
1029,0,1,1000.0,790.0,2.0,1,19000000,190000.0,7.0,19000.0,3.0,3.0,Medium
224,0,1,820.0,650.0,2.0,1,11700000,0.0,17.0,14270.0,2.0,2.0,Medium
327,0,0,650.0,430.0023593,1.0,1,10500000,10500000.0,8.0,16150.0,1.0,2.0,Medium
1107,0,1,1020.0,780.0,3.0,1,17900000,0.0,16.0,17550.0,3.0,3.0,Medium
1039,0,2,1050.0,735.0,2.0,1,17800000,180000.0,22.0,16950.0,2.0,2.0,Medium
221,0,1,600.0,500.0,2.0,1,12600000,140000.0,6.0,20980.0,2.0,2.0,Medium
66,0,0,1350.0,800.0,3.0,2,17900000,0.0,14.0,13260.0,3.0,3.0,Medium
492,0,2,900.0,700.0,2.0,2,10500000,100000.0,30.0,11670.0,2.0,2.0,Medium
1134,0,2,600.0,430.0,2.0,0,13000000,130000.0,22.0,21670.0,1.0,1.0,Medium
514,0,0,575.0,450.0,2.0,1,10500000,110000.0,4.0,18260.0,1.0,1.0,Medium
12,0,2,720.0,648.0,2.0,2,13600000,267312.7607,42.0,18890.0,2.0,2.0,Medium
962,0,1,600.0,405.0,2.0,1,11500000,110000.0,8.0,19170.0,1.0,1.0,Medium
247,0,2,600.0,427.0,2.0,1,10300000,100000.0,21.0,17170.0,1.0,1.0,Medium
281,0,2,650.0,450.0,2.0,1,10500000,110000.0,23.0,16150.0,1.0,1.0,Medium
576,0,1,850.0,700.0,2.0,0,17200000,170000.0,11.0,20230.0,2.0,2.0,Medium
574,0,0,570.0,475.0,2.0,0,11400000,0.0,7.0,20000.0,1.0,1.0,Medium
81,0,0,1052.0,712.0,2.0,1,17500000,180000.0125,12.0,16630.0,2.0,2.0,Medium
585,0,1,703.0,612.0,2.0,0,15500000,0.0,16.0,22050.0,2.0,2.0,Medium
775,0,1,850.0,602.783514,2.0,1,12500000,200000.0,12.0,14710.0,2.0,2.0,Medium
463,0,1,400.0,353.0,2.0,1,12000000,120000.0,24.0,30000.0,1.0,1.0,Medium
809,0,2,674.0,574.0,2.0,1,14700000,150000.0,22.0,21810.0,2.0,2.0,Medium
1140,0,2,620.0,663.2531393,1.0,1,16500000,16500000.0,16.0,26610.0,1.0,2.0,Medium
590,0,0,600.0,461.6637147,1.0,1,11200000,11200000.0,12.0,18670.0,1.0,1.0,Medium
1057,0,2,500.0,668.1565461,1.0,1,16500000,16500000.0,11.0,33000.0,1.0,1.0,Medium
234,0,2,535.0,441.7073806,1.0,1,14000000,14000000.0,11.0,26170.0,1.0,2.0,Medium
327,0,0,650.0,430.0023593,1.0,1,10500000,10500000.0,8.0,16150.0,1.0,2.0,Medium
973,0,1,700.0,477.0,2.0,1,13000000,130000.0,22.0,18570.0,1.0,1.0,Medium
14,0,1,850.0,666.0,2.0,1,10400000,100000.0,23.0,12230.0,2.0,2.0,Medium
1152,0,1,850.0,629.7405045,1.0,1,17500000,17500000.0,7.0,20590.0,2.0,2.0,Medium
1010,0,2,740.0,484.0,2.0,1,11000000,751310.8784,21.0,14860.0,2.0,2.0,Medium
1022,0,0,1250.0,910.0,3.0,2,17900000,100000.0,14.0,14320.0,3.0,3.0,Medium
983,0,2,580.0,440.0,2.0,2,13000000,130000.0,7.0,22410.0,1.0,1.0,Medium
453,0,1,1072.0,690.0,3.0,2,16500000,110000.0,14.0,15390.0,3.0,3.0,Medium
920,0,0,990.0,590.0,2.0,1,14100000,0.0,40.0,14200.0,2.0,2.0,Medium
581,0,1,965.0,710.0,2.0,1,17000000,170000.0,22.0,17620.0,2.0,2.0,Medium
1090,0,2,461.0,397.0599614,1.0,2,11000000,11000000.0,10.0,23860.0,1.0,2.0,Medium
764,0,1,650.0,445.0,2.0,1,16500000,160000.0,22.0,25380.0,2.0,2.0,Medium
68,0,0,510.0,465.0,1.0,1,14000000,140000.0,22.0,27450.0,1.0,1.0,Medium
276,0,0,1200.0,960.0,2.0,0,15000000,4774120.559,20.0,12500.0,2.0,2.0,Medium
569,0,1,790.0,513.0,2.0,2,10500000,100000.0,20.0,13290.0,1.0,1.0,Medium
878,0,0,1141.0,818.8827216,1.939705889,0,17500000,17500000.0,8.0,15340.0,2.0,1.0,Medium
263,0,0,750.0,520.0,2.0,1,10000000,100000.0,25.0,13330.0,1.0,1.0,Medium
1006,0,1,650.0,470.0,1.0,2,12000000,120000.0,20.0,18460.0,1.0,1.0,Medium
139,0,2,450.0,447.5249627,1.0,1,12500000,12500000.0,11.0,27780.0,1.0,1.0,Medium
412,0,1,652.0,454.0,2.0,1,15000000,7871058.94,22.0,23010.0,1.0,1.0,Medium
268,0,2,585.0,425.0,2.0,0,10500000,110000.0,8.0,17950.0,1.0,1.0,Medium
817,0,2,650.0,447.0,2.0,1,10800000,110000.0,21.0,16610.0,1.0,1.0,Medium
872,0,0,580.0,473.5263265,1.0,0,11000000,11000000.0,9.0,18960.0,1.0,2.0,Medium
311,0,0,536.0,413.0,2.0,1,16500000,160000.0,26.0,30780.0,1.0,1.0,Medium
594,0,1,825.0,656.0,2.0,1,18000000,180000.0,42.0,21820.0,2.0,2.0,Medium
865,0,2,650.0,450.0,2.0,1,11500000,110000.0,22.0,17690.0,1.0,1.0,Medium
908,0,2,810.0,600.0,2.0,1,16000000,160000.0,7.0,19750.0,2.0,2.0,Medium
411,0,2,860.0,649.3825763,1.0,0,14000000,14000000.0,7.0,16280.0,2.0,2.0,Medium
1128,0,2,1053.0,656.0,2.0,1,18000000,180000.0,22.0,17090.0,2.0,2.0,Medium
135,0,2,753.0,471.0,2.0,1,18000000,180000.0,7.0,23900.0,1.0,1.0,Medium
421,0,2,550.0,450.0,2.0,1,10800000,110000.0,25.0,19640.0,1.0,1.0,Medium
412,0,1,1020.0,723.0,2.0,1,17500000,180000.0,22.0,17160.0,2.0,2.0,Medium
250,0,0,1440.0,1200.0,4.0,1,45000000,450000.0,15.0,31250.0,3.0,3.0,Very High
509,0,1,2200.0,1712.983342,1.0,2,92500000,92500000.0,67.0,42050.0,3.0,3.0,Very High
655,0,1,2700.0,2146.0,6.0,8,90000000,900000.0,61.0,33330.0,6.0,6.0,Very High
466,0,1,2390.0,2300.0,3.0,2,92500000,900000.0,48.0,38700.0,3.0,3.0,Very High
925,0,1,1700.0,1228.351286,1.0,1,40000000,40000000.0,8.0,23530.0,3.0,3.0,Very High
789,0,1,1000.0,1117.166483,1.0,1,46500000,46500000.0,15.0,46500.0,2.0,2.0,Very High
468,0,1,1958.0,1323.0,3.0,2,45000000,450000.0,43.0,22980.0,3.0,3.0,Very High
715,0,1,1900.0,1500.0,4.0,2,100000000,1000000.0,14.0,52630.0,4.0,4.0,Very High
317,0,1,4000.0,2622.322225,1.600766176,4,149900000,149900000.0,20.0,37480.0,4.0,4.0,Very High
288,0,0,1320.0,1266.975016,1.0,2,95000000,95000000.0,22.0,71970.0,4.0,3.0,Very High
484,0,1,3000.0,2000.0,5.0,2,90000000,900000.0,42.0,30000.0,4.0,4.0,Very High
479,0,1,2407.0,2006.0,3.0,4,71500000,720000.0,43.0,29700.0,4.0,4.0,Very High
486,0,1,1600.0,1449.850859,2.0,3,67000000,67000000.0,51.0,41880.0,3.0,3.0,Very High
427,0,2,1320.0,1033.0,3.0,2,40000000,400000.0,16.0,30300.0,3.0,3.0,Very High
728,0,1,1600.0,1250.0,2.0,2,72500000,729999.9985,55.0,45310.0,3.0,3.0,Very High
1057,0,0,1550.0,1798.734108,1.622232078,2,82500000,82500000.0,7.0,53230.0,3.0,4.0,Very High
183,0,2,1800.0,1250.0,4.0,1,50000000,500000.0,13.0,27780.0,3.0,3.0,Very High
475,0,1,1600.0,1275.0,4.0,2,72000000,720000.0,72.0,45000.0,3.0,3.0,Very High
221,0,2,1472.0,1226.0,4.0,4,45000000,450000.0,11.0,30570.0,4.0,4.0,Very High
650,0,1,1926.0,1926.0,4.0,1,55500000,550000.0,45.0,28820.0,4.0,4.0,Very High
672,0,1,3600.0,3500.0,4.0,2,270000000,2700000.0,73.0,75000.0,5.0,5.0,Very High
187,0,2,1800.0,1224.394571,1.0,3,45200000,450000.0,12.0,25110.0,4.0,4.0,Very High
509,0,1,3500.0,2755.089761,2.0,6,220000000,220000000.0,67.0,62860.0,6.0,5.0,Very High
394,0,2,2400.0,2400.0,4.0,2,176000000,1760000.0,41.0,73330.0,5.0,5.0,Very High
334,0,1,4500.0,2887.271489,1.0,2,90000000,18811.99065,60.0,20000.0,3.0,4.0,Very High
169,0,2,1005.0,905.0,2.0,1,47200000,470000.0,10.0,46970.0,3.0,3.0,Very High
1057,0,1,1440.0,1200.0,2.0,1,61000000,610000.0,4.0,42360.0,3.0,3.0,Very High
39,0,1,1920.0,1430.0,3.0,2,42000000,420000.0,18.0,21880.0,4.0,4.0,Very High
848,0,2,1335.0,1235.0,4.0,1,42300000,0.0,36.0,31680.0,4.0,4.0,Very High
482,0,2,1660.0,1330.0,3.0,2,46500000,430000.0,43.0,28010.0,3.0,3.0,Very High
300,0,1,1450.0,1200.0,3.0,2,45000000,450000.0,36.0,31030.0,3.0,3.0,Very High
845,0,1,1850.0,1500.0,3.0,3,77000000,770000.0,21.0,41620.0,3.0,3.0,Very High
369,0,0,1350.0,1366.914702,1.0,1,70000000,70000000.0,22.0,51850.0,2.0,2.0,Very High
942,0,2,1400.0,1278.0,3.0,2,60000000,600000.0,41.0,42860.0,3.0,3.0,Very High
863,0,1,1700.0,1200.0,3.0,1,49500000,500000.0,26.0,29120.0,3.0,3.0,Very High
294,0,1,1470.0,1150.0,3.0,2,55000000,550000.0,33.0,37410.0,3.0,3.0,Very High
99,0,1,1300.0,1197.647961,2.0,1,52500000,52500000.0,7.0,40380.0,3.0,3.0,Very High
586,0,2,1900.0,1565.0,3.0,2,75000000,750000.0,42.0,39470.0,3.0,3.0,Very High
292,0,1,2962.0,1975.0,5.0,1,113500000,1130000.0,30.0,38320.0,4.0,4.0,Very High
906,0,1,1760.0,1310.0,3.0,2,52500000,530000.0,15.0,29830.0,3.0,3.0,Very High
913,0,1,1602.0,1232.0,3.0,2,54900000,231217.8087,22.0,34270.0,3.0,3.0,Very High
1017,0,1,1250.0,1342.878193,2.0,1,55000000,55000000.0,9.0,44000.0,3.0,3.0,Very High
1113,0,2,1450.0,1216.221271,2.0,2,44500000,44500000.0,12.0,30690.0,3.0,3.0,Very High
474,0,1,2022.0,1348.0,3.0,2,76900000,770000.0,77.0,38030.0,3.0,3.0,Very High
485,0,1,1200.0,1093.0,3.0,4,58000000,9846904.436,63.0,48330.0,3.0,3.0,Very High
651,0,2,1820.0,1459.205112,1.0,3,58400000,0.0,51.0,32110.0,4.0,5.0,Very High
1131,0,1,1525.0,1226.55014,1.0,1,50000000,50000000.0,7.0,32790.0,3.0,3.0,Very High
808,0,2,1081.0,981.0,2.0,1,40000000,400000.0,38.0,37000.0,3.0,3.0,Very High
256,0,1,1600.0,1260.0,3.0,1,65000000,650000.0,10.0,40630.0,3.0,3.0,Very High
145,0,2,1925.0,1397.442182,1.0,2,65000000,65000000.0,9.0,33770.0,4.0,4.0,Very High
252,0,0,2400.0,1600.0,5.0,2,64500000,650000.0,20.0,26880.0,5.0,5.0,Very High
844,0,2,2100.0,1800.0,3.0,2,82300000,852016.2856,18.0,39200.0,4.0,4.0,Very High
15,0,2,1650.0,1600.0,4.0,2,93000000,930000.0,23.0,56360.0,4.0,4.0,Very High
644,0,2,2000.0,1993.0,3.0,4,79000000,0.0,19.0,39500.0,4.0,4.0,Very High
485,0,0,1150.0,1092.0,3.0,2,67000000,670000.0,78.0,58260.0,3.0,3.0,Very High
196,0,1,1500.0,1300.0,4.0,2,45000000,0.0,44.0,30000.0,4.0,4.0,Very High
964,0,2,1566.0,1200.001196,1.0,1,45100000,450000.0,11.0,28800.0,3.0,3.0,Very High
583,0,2,1400.0,938.0,3.0,2,50000000,450000.0,23.0,35710.0,3.0,3.0,Very High
41,0,2,1980.0,1650.0,3.0,2,64000000,640000.0,41.0,32320.0,3.0,3.0,Very High
663,0,2,1555.0,1391.147377,1.0,2,48500000,48500000.0,62.0,31160.0,3.0,3.0,Very High
665,0,0,3000.0,3349.981901,3.0,2,165000000,165000000.0,35.0,55000.0,4.0,4.0,Very High
761,0,1,1600.0,1370.0,3.0,2,100000000,890000.0,60.0,62500.0,3.0,3.0,Very High
1109,0,2,2000.0,1400.0,4.0,3,55000000,550000.0,20.0,27500.0,3.0,3.0,Very High
605,0,1,2100.0,1800.0,4.0,1,64900000,650000.0,18.0,30900.0,4.0,4.0,Very High
543,0,1,3400.0,2629.503077,2.0,1,180000000,180000000.0,12.0,52940.0,4.0,4.0,Very High
1057,0,0,2900.0,2334.654029,1.0,3,140000000,140000000.0,17.0,48270.0,4.0,4.0,Very High
556,0,1,1802.0,1400.0,3.0,2,62500000,580000.0,36.0,34680.0,3.0,3.0,Very High
624,0,0,2000.0,1800.0,3.0,3,55000000,0.0,7.0,27500.0,4.0,4.0,Very High
943,0,1,1000.0,956.0,2.0,2,48000000,470000.0,40.0,48000.0,2.0,2.0,Very High
465,0,1,3000.0,2500.0,5.0,3,115000000,1150000.0,48.0,38330.0,4.0,4.0,Very High
313,0,0,1690.0,1500.0,2.0,2,70000000,700000.0,24.0,41420.0,3.0,3.0,Very High
372,0,1,1400.0,1066.146563,1.0,1,43000000,43000000.0,6.0,30710.0,2.0,2.0,Very High
126,0,1,1611.0,1630.733741,1.0,2,76500000,76500000.0,64.0,47490.0,3.0,3.0,Very High
1164,0,0,1000.0,1054.792556,3.0,1,45000000,45000000.0,5.0,45000.0,3.0,3.0,Very High
699,0,0,1100.0,919.2044286,1.0,2,50000000,50000000.0,7.0,45450.0,2.0,2.0,Very High
661,0,1,1900.0,1366.994713,1.0,2,70000000,70000000.0,30.0,36840.0,3.0,3.0,Very High
508,0,0,2500.0,1700.0,4.0,2,80000000,800000.0,50.0,32000.0,3.0,3.0,Very High
302,0,1,2625.0,1750.0,4.0,1,70500000,700000.0,22.0,26860.0,4.0,4.0,Very High
647,0,0,1215.0,1008.539004,1.0,1,45000000,45000000.0,35.0,37040.0,3.0,3.0,Very High
423,0,0,4500.0,2629.504572,3.0,3,180000000,180000000.0,13.0,40000.0,4.0,4.0,Very High
1142,0,2,1650.0,1216.530266,2.0,2,45200000,45200000.0,18.0,27390.0,4.0,4.0,Very High
548,0,2,1300.0,1031.0,3.0,2,45000000,450000.0,6.0,34620.0,3.0,3.0,Very High
307,0,1,1795.0,1313.416422,2.0,2,65500000,65500000.0,20.0,36490.0,3.0,3.0,Very High
156,0,1,1820.0,1250.0,3.0,1,46500000,470000.0,45.0,25550.0,3.0,3.0,Very High
373,0,0,1881.0,1596.329125,4.0,2,87000000,87000000.0,8.0,46250.0,4.0,3.0,Very High
1113,0,0,1590.0,1073.113477,1.0,1,52000000,52000000.0,8.0,32700.0,3.0,3.0,Very High
937,0,2,2400.0,1645.0,2.0,2,57500000,580000.0,20.0,23960.0,3.0,3.0,Very High
1120,0,1,2001.0,1999.998808,1.0,1,110000000,110000000.0,9.0,54970.0,3.0,3.0,Very High
680,0,1,1500.0,1229.370703,1.0,1,60000000,60000000.0,7.0,40000.0,3.0,3.0,Very High
98,0,0,1500.0,1584.483292,1.0,2,67500000,67500000.0,15.0,45000.0,3.0,3.0,Very High
664,0,2,1552.0,1284.812506,1.0,2,48900000,48900000.0,62.0,31480.0,3.0,3.0,Very High
98,0,0,2700.0,2362.000053,1.0,2,155000000,155000000.0,10.0,57410.0,4.0,5.0,Very High
650,0,1,2170.0,2170.0,4.0,1,66000000,660000.0,45.0,30410.0,4.0,4.0,Very High
82,0,0,1700.0,1243.661402,1.0,3,48000000,48000000.0,22.0,28230.0,4.0,4.0,Very High
151,0,1,1450.0,1256.0,3.0,2,55000000,550000.0,22.0,37930.0,3.0,3.0,Very High
756,0,2,1950.0,1580.0,4.0,2,47500000,480000.0,43.0,24360.0,3.0,3.0,Very High
44,0,0,1300.0,1324.48194,2.0,2,55000000,55000000.0,8.0,42310.0,3.0,3.0,Very High
162,0,2,1550.0,1116.0,3.0,2,52500000,530000.0,42.0,33870.0,3.0,3.0,Very High
563,0,0,1950.0,1389.804062,1.0,3,50000000,50000000.0,9.0,25640.0,3.0,3.0,Very High
300,0,1,1755.0,1450.0,3.0,2,60000000,600000.0,36.0,34190.0,3.0,3.0,Very High
496,0,0,1226.0,1100.0,2.0,5,55000000,570000.0,66.0,44860.0,3.0,3.0,Very High
312,0,1,1560.0,1350.0,3.0,1,65000000,650000.0,32.0,41670.0,3.0,3.0,Very High
1120,0,2,1400.0,1366.929707,1.0,1,70000000,70000000.0,15.0,50000.0,3.0,3.0,Very High
255,0,1,2028.0,1890.00049,1.0,2,115000000,115000000.0,39.0,56710.0,4.0,4.0,Very High
483,0,1,2670.0,2004.0,4.0,2,72000000,720000.0,40.0,26970.0,4.0,4.0,Very High
187,0,2,1800.0,1213.008733,1.0,3,45300000,470000.0,12.0,25170.0,4.0,4.0,Very High
902,0,1,1580.0,1350.0,4.0,2,56000000,560000.0,27.0,35440.0,3.0,3.0,Very High
847,0,1,1400.0,1004.0,3.0,2,59800000,41240865.99,23.0,42710.0,3.0,3.0,Very High
1172,0,2,1800.0,1785.530115,1.0,1,77500000,77500000.0,8.0,43050.0,3.0,3.0,Very High
497,0,2,2350.0,2000.0,3.0,2,110000000,105176141.3,70.0,46810.0,3.0,3.0,Very High
423,0,1,2860.0,1929.938612,4.27237936,4,120900000,120900000.0,17.0,42260.0,4.0,4.0,Very High
728,0,1,1650.0,1400.0,3.0,2,75000000,750000.0,51.0,45450.0,3.0,3.0,Very High
663,0,2,1555.0,1391.147377,1.0,2,48500000,48500000.0,62.0,31160.0,3.0,3.0,Very High
494,0,1,1462.0,975.0,1.0,2,62000000,570000.0,70.0,42410.0,3.0,3.0,Very High
1031,0,2,1750.0,1480.0,3.0,2,55000000,550000.0,35.0,31430.0,3.0,3.0,Very High
1055,0,0,2200.0,1648.577679,2.0,3,95000000,95000000.0,12.0,43180.0,4.0,5.0,Very High
331,0,1,5150.0,2334.654661,3.0,3,140000000,140000000.0,15.0,27180.0,4.0,4.0,Very High
447,0,2,2369.0,1810.0,3.0,2,67500000,680000.0,26.0,28490.0,3.0,3.0,Very High
1080,0,0,2500.0,2000.0,5.0,3,119900000,1200000.0,33.0,47960.0,4.0,4.0,Very High
746,0,1,2250.0,1800.0,3.0,2,75000000,750000.0,40.0,33330.0,3.0,3.0,Very High
716,0,2,1245.0,1095.719595,1.0,1,52100000,52100000.0,8.0,41850.0,3.0,3.0,Very High
144,0,1,2240.0,1373.905252,3.0,2,57500000,57500000.0,12.0,25670.0,4.0,4.0,Very High
156,0,1,1820.0,1200.0,3.0,1,48000000,1603751.157,45.0,26370.0,3.0,3.0,Very High
805,0,0,1400.0,1085.0,3.0,2,75000000,750000.0,14.0,53570.0,3.0,3.0,Very High
996,0,2,1800.0,1422.291504,1.0,3,62500000,62500000.0,52.0,34720.0,4.0,4.0,Very High
704,0,0,2400.0,1800.0,4.0,2,72900000,730000.0,10.0,30380.0,4.0,4.0,Very High
520,0,1,1250.0,1080.0,2.0,2,80000000,850000.0,13.0,64000.0,3.0,3.0,Very High
47,0,0,3000.0,2334.653941,3.0,3,140000000,140000000.0,18.0,46670.0,4.0,4.0,Very High
98,0,1,1300.0,1000.0,3.0,2,65000000,650000.0,18.0,50000.0,3.0,3.0,Very High
759,0,0,2600.0,1850.0,4.0,3,112500000,59371582.63,31.0,43270.0,4.0,4.0,Very High
664,0,2,1507.0,1483.355051,1.0,2,47800000,47800000.0,62.0,31720.0,3.0,3.0,Very High
678,0,0,800.0,1210.958013,1.0,1,44900000,44900000.0,8.0,56130.0,2.0,1.0,Very High
186,0,2,1500.0,1250.0,4.0,1,43700000,440000.0,12.0,29130.0,4.0,4.0,Very High
190,0,1,1350.0,1100.0,3.0,2,42500000,400000.0,12.0,31480.0,4.0,4.0,Very High
38,0,0,1500.0,1205.857548,3.0,1,55000000,55000000.0,11.0,36670.0,3.0,3.0,Very High
1045,0,1,4561.0,4160.246937,1.0,1,280000000,280000000.0,8.0,61390.0,4.0,4.0,Very High
1155,0,0,1825.0,1798.739062,3.0,1,82500000,82500000.0,8.0,45200.0,4.0,4.0,Very High
915,0,0,850.0,1032.629525,1.0,1,50000000,50000000.0,10.0,58820.0,2.0,2.0,Very High
464,0,1,877.0,877.0,2.0,1,41000000,0.0,56.0,46750.0,2.0,2.0,Very High
836,0,1,2200.0,1367.445765,1.0,3,71000000,2170090.89,35.0,32270.0,4.0,4.0,Very High
508,0,0,2850.0,1900.0,4.0,2,87000000,870000.0,91.0,30530.0,3.0,3.0,Very High
756,0,1,3780.0,3150.0,5.0,3,115000000,1150000.0,42.0,30420.0,4.0,4.0,Very High
624,0,0,2100.0,1800.0,4.0,2,55000000,435337.088,7.0,26190.0,5.0,5.0,Very High
497,0,2,2350.0,2000.0,4.0,2,110000000,105176092.1,70.0,46810.0,4.0,4.0,Very High
660,0,2,1295.0,847.0,2.0,1,46000000,460000.0,35.0,35520.0,3.0,3.0,Very High
1004,0,0,1950.0,1890.0,3.0,1,92500000,930000.0,7.0,47440.0,3.0,3.0,Very High
781,0,2,2511.0,1932.0,5.0,2,81000000,810000.0,36.0,32260.0,4.0,4.0,Very High
170,0,1,1850.0,1393.636775,1.0,2,65000000,65000000.0,23.0,35130.0,3.0,3.0,Very High
38,0,2,3200.0,2470.640982,2.0,3,175000000,175000000.0,15.0,54690.0,5.0,5.0,Very High
439,0,2,1805.0,1250.0,3.0,1,44500000,450000.0,25.0,24650.0,3.0,3.0,Very High
333,0,1,1007.0,1881.942044,1.0,2,80000000,80000000.0,56.0,79440.0,3.0,3.0,Very High
443,0,1,895.0,1122.788516,1.0,1,51500000,51500000.0,78.0,57540.0,2.0,2.0,Very High
470,0,0,2100.0,1299.875982,3.0,2,60000000,60000000.0,27.0,28570.0,3.0,3.0,Very High
176,0,0,2200.0,1400.986208,2.0,3,45000000,45000000.0,15.0,20450.0,4.0,4.0,Very High
710,0,1,1550.0,1615.731268,1.0,2,61500000,61500000.0,15.0,39680.0,3.0,3.0,Very High
405,0,2,1575.0,1435.0,3.0,2,45500000,450000.0,20.0,28890.0,3.0,3.0,Very High
134,0,1,3000.0,1366.98441,3.0,2,70000000,70000000.0,13.0,23330.0,4.0,3.0,Very High
659,0,0,3500.0,3499.99245,4.0,2,160000000,160000000.0,35.0,45710.0,4.0,4.0,Very High
495,0,0,1600.0,1374.0,2.0,2,92500000,930000.0,76.0,57810.0,3.0,3.0,Very High
282,0,2,1355.0,892.0804269,1.0,2,41000000,41000.0,22.0,30260.0,3.0,3.0,Very High
643,0,0,1198.0,1084.49687,1.0,1,50000000,50000000.0,7.0,41740.0,3.0,2.0,Very High
713,0,2,878.0,778.0,2.0,1,42300000,0.0,13.0,48180.0,2.0,2.0,Very High
472,0,2,2187.0,1458.0,2.0,1,47500000,480000.0,25.0,21720.0,3.0,3.0,Very High
307,0,2,4925.0,2313.14949,3.0,4,172500000,172500000.0,29.0,35020.0,5.0,5.0,Very High
872,0,0,4900.0,1927.590515,1.0,4,130000000,130000000.0,16.36394357,26530.0,5.0,4.0,Very High
650,0,1,2450.0,1926.0,3.0,3,52400000,600000.0,62.0,21380.0,3.0,3.0,Very High
78,0,2,1200.0,1358.23923,1.0,2,55000000,55000000.0,8.0,45830.0,3.0,3.0,Very High
98,0,1,1000.0,912.52748,1.0,1,50000000,50000000.0,20.0,50000.0,2.0,2.0,Very High
257,0,2,1166.0,1210.593668,2.0,1,53500000,53500000.0,15.0,45880.0,2.0,2.0,Very High
207,0,0,1740.0,1155.0,3.0,1,40000000,400000.0,22.0,22990.0,3.0,3.0,Very High
181,0,2,2000.0,1399.999681,1.0,2,65000000,65000000.0,22.0,32500.0,6.0,6.0,Very High
423,0,1,1322.0,1682.236653,1.0,1,41400000,41400000.0,12.0,31320.0,3.0,3.0,Very High
240,0,1,2150.0,1700.0,5.0,3,77500000,63161029.73,28.0,36050.0,4.0,4.0,Very High
485,0,1,1338.0,892.0,2.0,1,46500000,470000.0,77.0,34750.0,2.0,2.0,Very High
978,0,1,2500.0,2300.0,4.0,3,150000000,1500000.0,46.0,60000.0,4.0,4.0,Very High
332,0,1,2050.0,1421.65647,2.0,2,45000000,45000000.0,38.0,21950.0,4.0,4.0,Very High
936,0,1,1950.0,1655.0,4.0,2,57500000,580000.0,20.0,29490.0,4.0,4.0,Very High
39,0,1,1910.0,1420.0,3.0,4,57500000,580000.0,18.0,30100.0,4.0,4.0,Very High
749,0,1,1430.0,1100.0,3.0,2,48000000,480000.0,22.0,33570.0,3.0,3.0,Very High
575,0,0,1850.0,1350.0,4.0,2,53000000,530000.0,25.0,28650.0,4.0,4.0,Very High
322,0,2,1500.0,1145.0,3.0,2,65000000,650000.0,22.0,43330.0,3.0,3.0,Very High
656,0,1,1600.0,1050.0,3.0,2,45000000,450000.0,55.0,28130.0,3.0,3.0,Very High
933,0,2,1758.0,1394.0,4.0,2,52500000,530000.018,37.0,29860.0,4.0,4.0,Very High
382,0,1,1750.0,1191.0,2.0,2,44600000,440000.0,20.0,25480.0,3.0,3.0,Very High
307,0,2,3120.0,2400.0,4.0,2,110000000,1100000.0,22.0,35260.0,4.0,4.0,Very High
1033,0,2,1900.0,1800.0,3.0,1,65000000,650000.0,40.0,34210.0,4.0,4.0,Very High
516,0,2,1950.0,1400.0,4.0,2,41000000,410000.0,21.0,21020.0,4.0,4.0,Very High
725,0,1,1600.0,1450.0,3.0,2,70000000,700000.0,45.0,43750.0,3.0,3.0,Very High
653,0,2,1950.0,1050.527439,1.0,2,54500000,54500000.0,32.0,27950.0,3.0,3.0,Very High
856,0,1,3070.0,2500.0,3.0,3,220000000,2200000.0,65.0,71660.0,4.0,4.0,Very High
941,0,1,1500.0,1065.0,3.0,2,47500000,400000.0,60.0,31670.0,3.0,3.0,Very High
677,0,2,1400.0,1275.170777,1.0,3,55000000,55000000.0,38.0,39280.0,3.0,2.0,Very High
471,0,0,3000.0,2070.0,6.0,2,120000000,1200000.129,20.0,40000.0,6.0,6.0,Very High
713,0,2,1357.0,1257.0,3.0,1,68900000,0.0,13.0,50770.0,3.0,3.0,Very High
606,0,2,2000.0,1500.0,2.0,2,62500000,630000.0,20.0,31250.0,3.0,3.0,Very High
758,0,1,2100.0,1365.023616,1.0,3,43800000,399800.8692,18.0,20860.0,4.0,4.0,Very High
240,0,1,1550.0,1559.411395,2.0,2,80000000,800000.0,28.0,51610.0,4.0,4.0,Very High
936,0,1,2080.0,1605.0,4.0,2,57000000,570000.0,22.0,27400.0,4.0,4.0,Very High
253,0,0,2400.0,2000.0,3.0,4,65000000,650000.0,16.29726142,27080.0,4.0,4.0,Very High
240,0,1,1788.0,1255.0,3.0,3,44900000,0.0,28.0,25110.0,3.0,3.0,Very High
545,0,1,1400.0,1200.0,3.0,2,97500000,930000.0,14.0,69640.0,2.0,2.0,Very High
90,0,0,1500.0,1216.205491,3.0,2,46000000,46000000.0,9.0,30670.0,3.0,3.0,Very High
145,0,0,1800.0,1799.986086,1.0,2,62000000,62000000.0,8.0,34440.0,3.0,3.0,Very High
202,0,1,1300.0,1234.093362,1.0,1,50000000,50000000.0,8.0,38460.0,3.0,3.0,Very High
418,0,0,1850.0,1350.0,3.0,3,65000000,650000.0,14.0,35130.0,3.0,3.0,Very High
473,0,1,932.0,922.0,2.0,1,55000000,550000.0,67.0,59010.0,2.0,2.0,Very High
940,0,0,1200.0,1367.910089,2.0,1,57500000,57500000.0,12.0,47920.0,3.0,3.0,Very High
530,0,2,5055.0,4212.0,4.0,3,175700000,1800000.0,26.0,34760.0,4.0,4.0,Very High
439,0,2,2054.0,1954.0,3.0,1,65600000,0.0,24.0,31940.0,4.0,4.0,Very High
1156,0,2,1071.0,1429.826625,1.0,1,56300000,56300000.0,10.0,52570.0,3.0,3.0,Very High
244,0,1,2500.0,1800.0,4.0,0,100000000,0.0,16.0,40000.0,4.0,4.0,Very High
642,0,2,875.0,1013.382901,2.0,1,50000000,50000000.0,22.0,57140.0,3.0,3.0,Very High
410,0,2,2000.0,1550.0,2.0,2,54000000,540000.0,24.0,27000.0,3.0,3.0,Very High
77,0,1,1978.0,1368.0,2.0,3,42800000,419077.5331,36.0,21640.0,3.0,3.0,Very High
95,0,1,2100.0,1585.0,3.0,2,67500000,679991.7965,21.0,32140.0,3.0,3.0,Very High
487,0,0,1800.0,1230.0,3.0,3,55000000,600000.0,52.0,30550.0,3.0,3.0,Very High
75,0,2,1320.0,1200.0,2.0,2,42700000,430000.0,39.0,32350.0,3.0,3.0,Very High
1102,0,1,778.0,750.0,2.0,1,47500000,450000.0,14.0,61050.0,2.0,2.0,Very High
544,0,0,1400.0,1200.0,3.0,1,92500000,930000.0,25.0,66070.0,2.0,2.0,Very High
24,0,1,1209.0,896.0,2.0,1,50000000,500000.0,4.0,41360.0,2.0,2.0,Very High
98,0,1,1800.0,1608.641465,1.0,1,85000000,85000000.0,8.0,47220.0,4.0,4.0,Very High
313,0,0,1690.0,1500.0,2.0,2,67500000,680000.0,34.0,39940.0,3.0,3.0,Very High
943,0,1,1100.0,1040.0,2.0,2,53000000,530000.0,40.0,48180.0,3.0,3.0,Very High
517,0,1,2330.0,1286.560289,1.0,2,60000000,60000000.0,18.0,25750.0,6.0,5.0,Very High
482,0,2,1330.0,1330.0,2.0,1,46000000,460000.0,40.0,34590.0,3.0,3.0,Very High
918,0,1,2600.0,2200.0,4.0,2,77500000,800000.0,14.0,29810.0,4.0,4.0,Very High
728,0,1,1710.0,1400.0,3.0,3,82500000,800000.0,50.0,48240.0,3.0,3.0,Very High
1096,0,1,2100.0,1890.000418,1.0,2,115000000,115000000.0,10.0,54760.0,4.0,4.0,Very High
209,0,1,2406.0,2005.0,4.0,2,103500000,1030000.0,14.0,43020.0,4.0,4.0,Very High
675,0,2,1933.0,1833.0,2.0,1,55000000,550000.0,53.0,28450.0,3.0,3.0,Very High
678,0,0,800.0,1210.958013,1.0,1,44900000,44900000.0,8.0,56130.0,2.0,1.0,Very High
1016,0,0,2500.0,2610.898463,1.0,1,150000000,150000000.0,11.0,60000.0,3.0,3.0,Very High
23,0,1,1820.0,1395.026509,2.0,2,65000000,65000000.0,50.0,35710.0,3.0,3.0,Very High
1081,0,1,3300.0,2187.0,4.0,3,93900000,940000.0,30.0,28450.0,4.0,4.0,Very High
527,0,0,2600.0,1534.306034,2.0,2,72500000,72500000.0,6.0,27880.0,3.0,3.0,Very High
30,0,2,2000.0,1517.998519,3.0,2,52500000,530000.0,28.0,26250.0,3.0,3.0,Very High
527,0,1,989.0,919.8833938,1.0,1,50000000,50000000.0,8.0,50560.0,3.0,3.0,Very High
333,0,1,1007.0,1881.942044,1.0,2,80000000,80000000.0,56.0,79440.0,3.0,3.0,Very High
892,0,1,850.0,798.0,2.0,2,47500000,480000.0,57.0,55880.0,2.0,2.0,Very High
652,0,2,1450.0,1410.270261,1.0,2,62500000,62500000.0,32.0,43100.0,3.0,3.0,Very High
558,0,0,1300.0,1170.0,3.0,2,55500000,550000.0,32.0,42690.0,3.0,3.0,Very High
720,0,0,1170.0,975.0,2.0,1,45000000,2112693.806,22.0,38460.0,2.0,2.0,Very High
916,0,1,1980.0,1396.747719,1.0,3,57000000,57000000.0,12.0,28790.0,4.0,3.0,Very High
482,0,2,1800.0,1330.0,2.0,2,50000000,500000.0,38.0,27780.0,3.0,3.0,Very High
497,0,0,1850.0,1850.0,3.0,2,114000000,1140000.0,76.0,61620.0,3.0,3.0,Very High
484,0,1,2300.0,2000.0,4.0,2,85000000,850000.0,41.0,36960.0,4.0,4.0,Very High
654,0,1,1350.0,1073.0,3.0,4,46000000,460000.0,61.0,34070.0,3.0,3.0,Very High
167,0,2,1980.0,1200.0,3.0,2,55000000,550000.0,54.0,27780.0,3.0,3.0,Very High
131,0,2,2700.0,3008.789142,2.0,2,240000000,240000000.0,20.0,88890.0,4.0,3.0,Very High
486,0,1,1600.0,1449.850859,2.0,3,67000000,67000000.0,51.0,41880.0,3.0,3.0,Very High
307,0,2,2000.0,1790.0,3.0,1,69000000,690000.0,22.0,34500.0,3.0,3.0,Very High
280,0,2,1500.0,1115.54133,1.0,2,42500000,42500000.0,20.0,28330.0,3.0,3.0,Very High
493,0,1,1100.0,1416.890235,1.0,1,48000000,48000000.0,60.0,43640.0,2.0,2.0,Very High
842,0,1,2200.0,2079.0,4.0,3,150000000,1500000.0,65.0,68180.0,4.0,4.0,Very High
366,0,2,1200.0,1200.0,3.0,1,55000000,550000.0,8.0,45830.0,3.0,3.0,Very High
334,0,2,10000.0,8000.0,7.0,8,500000000,5000000.0,49.0,50000.0,6.0,6.0,Very High
308,0,1,2400.0,1600.0,3.0,1,90000000,900000.0,30.0,37500.0,3.0,3.0,Very High
504,0,2,1690.0,1452.0,3.0,2,72500000,730000.0,14.0,42900.0,3.0,3.0,Very High
601,0,1,2250.0,1700.0,5.0,2,61100000,610000.0,20.0,27160.0,5.0,5.0,Very High
526,0,2,3000.0,2300.0,2.0,4,77500000,755753.4731,26.0,25830.0,3.0,3.0,Very High
481,0,1,1550.0,1500.0,2.0,2,48000000,480000.0,43.0,30970.0,3.0,3.0,Very High
1133,0,0,1275.0,1050.0,3.0,1,45000000,450000.0,22.0,35290.0,3.0,3.0,Very High
38,0,0,1500.0,1712.435009,1.0,1,92500000,92500000.0,12.0,61670.0,3.0,3.0,Very High
457,0,1,3500.0,3147.899691,1.0,2,110000000,109978511.2,39.0,31430.0,3.0,3.0,Very High
62,0,1,1820.0,1700.0,3.0,1,146000000,1460000.0,10.0,80220.0,3.0,3.0,Very High
893,0,2,1600.0,1500.0,2.0,1,52500000,530000.0,24.0,32810.0,3.0,3.0,Very High
1058,0,1,1200.0,1228.173476,1.0,1,40000000,40000000.0,7.0,33330.0,2.0,2.0,Very High
789,0,1,1000.0,1117.166483,1.0,1,46500000,46500000.0,15.0,46500.0,2.0,2.0,Very High
98,0,0,2600.0,2000.0,5.0,2,107500000,1080000.0,12.0,41350.0,4.0,4.0,Very High
898,0,2,1900.0,1756.0,3.0,3,65100000,0.0,12.0,34260.0,4.0,4.0,Very High
713,0,2,1393.0,1293.0,4.0,1,69900000,0.0,13.0,50180.0,4.0,4.0,Very High
652,0,2,1450.0,1410.270261,1.0,2,62500000,62500000.0,32.0,43100.0,3.0,3.0,Very High
278,0,1,2700.0,2334.653801,1.0,1,140000000,140000000.0,11.0,51850.0,4.0,4.0,Very High
423,0,1,1680.0,1881.958513,0.999999948,2,80000000,80000000.0,12.0,47620.0,3.0,3.0,Very High
725,0,2,1420.0,1160.565769,1.0,2,68000000,680000.0,72.0,47890.0,3.0,3.0,Very High
680,0,0,2900.0,3349.977878,1.0,3,165000000,165000000.0,14.0,56900.0,4.0,5.0,Very High
